Identificador,ual_prov,ual_cant,ual_parr,ual_estr,ual_segm,al_ncues,cp_numt,cp_numl,rc_clacul,cp_k404,cp_k405,cp_k406,cp_distancia_1,cp_distancia_2,cp_k408,cp_k409,cp_k409ha,cp_k410,cp_k410ha,cp_k411,cp_k411ha,cp_k412,cp_k416,cp_k417,cp_k418,cp_k420,cp_afecta_prod,cp_k422,cp_k423,cp_k424,cp_k426,cp_venmernac,cp_venmerint,cp_rdproven1,cp_rdproven2,cp_rdproven3,cp_rdproven4,cp_rdproven5,cp_rdproven6,cp_fconvf,cp_fconvs,cp_seg_agri,cp_kits_agri,cp_riego,cp_superf_regada,cp_superf_regada_ha,cp_porc_surc,cp_porc_aspe,cp_porc_micr,cp_porc_gote,cp_porc_nebu,cp_porc_otro,cp_aferti,cp_forg,cp_cant1_fo,cp_umed1_fo,cp_cant2_fo,cp_umed2_fo,cp_cant3_fo,cp_umed3_fo,cp_fqui,cp_cantidad_npk_fq,cp_umed_npk_fq,cp_cantidad_nit_fq,cp_umed_nit_fq,cp_cantidad_fq,cp_umed_fq,cp_cantidad_pot_fq,cp_umed_pot_fq,cp_afito,cp_porg,cp_cantidad_po,cp_umed_po,cp_pqui,cp_cantidad_her_pq,cp_umed_her_pq,cp_color_her_pq,cp_cantidad_ins_pq,cp_umed_ins_pq,cp_color_ins_pq,cp_cantidad_fun_pq,cp_umed_fun_pq,cp_color_fun_pq,cp_cantidad_pq,cp_umed_pq,cp_color_pq,cp_trabocacont,cp_trabfami,cp_obsotroscp,cp_nclavr,cp_trs,cp_trc,cp_tro,cp_tn,cp_prod,ventas,cp_superdida,superdida,cp_sequia,cp_helada,cp_plagas,cp_enfermedades,cp_inundacion,cp_otra,cp_edad,edad1,edad2,edad3,cp_vcom√∫n,cp_vmejorada,cp_vhibrinacio,cp_vhibrinterna,cp_sriego,cp_sufertilizantes,cp_sufitosanitario,nuevacondicion,fact_exp_fin
3045002001400003,3,4,50,2,140,3,1,1,419,1,,6.0,1.5,1.5,2.0,25.0,25.0,25.0,25.0,25.0,25.0,,2350.0,43.0,2000.0,12.0,7.0,,,,,,,,,,,,2350.0,,,1,1,1,25.0,25.0,,100.0,,,,,1,0,,,,,,,1,125.0,2.0,125.0,2.0,,,,,1,0.0,,,1.0,38.0,5.0,4.0,,,,,,,,,,50.0,,,419,1.0,,,4,2136.36363636364,,0.0,,,,,,,,6,25.0,,,,25.0,,,25.0,25.0,25.0,1,0.0
3045002001400003,3,4,50,2,140,3,2,2,419,1,,6.0,1.5,1.5,2.0,25.0,25.0,25.0,25.0,25.0,25.0,,2350.0,43.0,2000.0,12.0,7.0,,,,,,,,,,,,2350.0,,,1,1,1,25.0,25.0,,100.0,,,,,1,0,,,,,,,1,125.0,2.0,125.0,2.0,,,,,1,0.0,,,1.0,38.0,5.0,4.0,,,,,,,,,,50.0,,,419,1.0,,,4,2136.36363636364,,0.0,,,,,,,,6,25.0,,,,25.0,,,25.0,25.0,25.0,1,0.0
3045002001400003,3,4,50,2,140,3,3,3,419,1,,6.0,1.5,1.5,2.0,30.0,30.0,30.0,30.0,30.0,30.0,,2820.0,43.0,2000.0,12.0,7.0,,,,,,,,,,,,2820.0,,,1,1,1,30.0,30.0,,100.0,,,,,1,0,,,,,,,1,145.0,2.0,145.0,2.0,,,,,1,0.0,,,1.0,145.0,5.0,4.0,,,,,,,,,,60.0,,,419,1.0,,,4,2563.6363636363603,,0.0,,,,,,,,6,30.0,,,,30.0,,,30.0,30.0,30.0,1,0.0
3045002001400003,3,4,50,2,140,3,4,4,419,1,,6.0,1.5,1.5,2.0,115.0,115.0,115.0,115.0,115.0,115.0,,10810.0,43.0,2000.0,12.0,7.0,,,,,,,,,,,,10810.0,,,1,1,1,115.0,115.0,,100.0,,,,,1,0,,,,,,,1,2340.0,2.0,2340.0,2.0,,,,,1,0.0,,,1.0,2340.0,5.0,4.0,,,,,,,,,,230.0,,,419,1.0,,,4,9827.27272727273,,0.0,,,,,,,,6,115.0,,,,115.0,,,115.0,115.0,115.0,1,0.0
3045002001840001,3,4,50,2,184,1,1,1,419,1,,6.0,1.5,1.5,2.0,25.0,25.0,25.0,25.0,25.0,25.0,,2350.0,43.0,2000.0,12.0,7.0,,,,,,,,,,,,2350.0,,,1,1,1,25.0,25.0,,100.0,,,,,1,0,,,,,,,1,125.0,2.0,125.0,2.0,,,,,1,0.0,,,1.0,38.0,5.0,4.0,,,,,,,,,,50.0,,,419,1.0,,,4,2136.36363636364,,0.0,,,,,,,,6,25.0,,,,25.0,,,25.0,25.0,25.0,1,0.0
3045002001840001,3,4,50,2,184,1,2,2,419,1,,6.0,1.5,1.5,2.0,20.0,20.0,20.0,20.0,20.0,20.0,,1880.0,43.0,2000.0,12.0,7.0,,,,,,,,,,,,1880.0,,,1,1,1,20.0,20.0,,100.0,,,,,1,0,,,,,,,1,115.0,2.0,115.0,2.0,,,,,1,0.0,,,1.0,30.0,5.0,4.0,,,,,,,,,,40.0,,,419,1.0,,,4,1709.0909090909101,,0.0,,,,,,,,6,20.0,,,,20.0,,,20.0,20.0,20.0,1,0.0
3045002001840001,3,4,50,2,184,1,3,3,419,1,,6.0,1.5,1.5,2.0,10.0,10.0,10.0,10.0,10.0,10.0,,940.0,43.0,2000.0,12.0,7.0,,,,,,,,,,,,940.0,,,1,1,1,10.0,10.0,,100.0,,,,,1,0,,,,,,,1,75.0,2.0,75.0,2.0,,,,,1,0.0,,,1.0,20.0,5.0,4.0,,,,,,,,,,20.0,,,419,1.0,,,4,854.5454545454552,,0.0,,,,,,,,6,10.0,,,,10.0,,,10.0,10.0,10.0,1,0.0
3045002001840001,3,4,50,2,184,1,4,4,419,1,,6.0,1.5,1.5,2.0,10.0,10.0,10.0,10.0,10.0,10.0,,940.0,43.0,2000.0,12.0,7.0,,,,,,,,,,,,940.0,,,1,1,1,10.0,10.0,,100.0,,,,,1,0,,,,,,,1,75.0,2.0,75.0,2.0,,,,,1,0.0,,,1.0,20.0,5.0,4.0,,,,,,,,,,20.0,,,419,1.0,,,4,854.5454545454552,,0.0,,,,,,,,6,10.0,,,,10.0,,,10.0,10.0,10.0,1,0.0
3045002001840001,3,4,50,2,184,1,5,5,419,1,,6.0,1.5,1.5,2.0,10.0,10.0,10.0,10.0,10.0,10.0,,940.0,43.0,2000.0,12.0,7.0,,,,,,,,,,,,940.0,,,1,1,1,10.0,10.0,,100.0,,,,,1,0,,,,,,,1,75.0,2.0,75.0,2.0,,,,,1,0.0,,,1.0,20.0,5.0,4.0,,,,,,,,,,20.0,,,419,1.0,,,4,854.5454545454552,,0.0,,,,,,,,6,10.0,,,,10.0,,,10.0,10.0,10.0,1,0.0
3045002001840001,3,4,50,2,184,1,6,6,419,1,,6.0,1.5,1.5,2.0,20.0,20.0,20.0,20.0,20.0,20.0,,1880.0,43.0,2000.0,12.0,7.0,,,,,,,,,,,,1880.0,,,1,1,1,20.0,20.0,,100.0,,,,,1,0,,,,,,,1,115.0,2.0,115.0,2.0,,,,,1,0.0,,,1.0,30.0,5.0,4.0,,,,,,,,,,40.0,,,419,1.0,,,4,1709.0909090909101,,0.0,,,,,,,,6,20.0,,,,20.0,,,20.0,20.0,20.0,1,0.0
3045056000993427,3,4,50,56,99,3427,3,1,419,1,,6.0,1.5,1.5,2.0,18.0,18.0,18.0,18.0,18.0,18.0,,1692.0,43.0,2000.0,12.0,7.0,,,,,,,,,,,,1692.0,,,1,1,1,18.0,18.0,,100.0,,,,,1,0,,,,,,,1,108.0,2.0,108.0,2.0,,,,,1,0.0,,,1.0,27.0,5.0,4.0,,,,,,,,,,27.0,,,419,1.0,,,4,1538.18181818182,,0.0,,,,,,,,6,18.0,,,,18.0,,,18.0,18.0,18.0,1,1.0
3045056000993427,3,4,50,56,99,3427,4,2,419,1,,6.0,1.5,1.5,2.0,23.0,23.0,23.0,23.0,23.0,23.0,,2162.0,43.0,2000.0,12.0,7.0,,,,,,,,,,,,2162.0,,,1,1,1,23.0,23.0,,100.0,,,,,1,0,,,,,,,1,184.0,2.0,184.0,2.0,,,,,1,0.0,,,1.0,34.5,5.0,4.0,,,,,,,,,,46.0,,,419,1.0,,,4,1965.4545454545496,,0.0,,,,,,,,6,23.0,,,,23.0,,,23.0,23.0,23.0,1,1.0
3045056000993427,3,4,50,56,99,3427,5,3,419,1,,0.0,1.5,1.5,2.0,56.0,56.0,,,,,,,,,,,,,,,,,,,,,,,,,1,1,1,56.0,56.0,,100.0,,,,,0,0,,,,,,,0,,,,,,,,,0,0.0,,,0.0,,,,,,,,,,,,,112.0,,,419,1.0,,,4,,,,,,,,,,,0,56.0,,,,56.0,,,56.0,,,1,1.0
3045056000993427,3,4,50,56,99,3427,6,4,419,1,,6.0,1.5,1.5,2.0,32.0,32.0,32.0,32.0,32.0,32.0,,3008.0,43.0,2000.0,12.0,7.0,,,,,,,,,,,,3008.0,,,1,1,1,32.0,32.0,,100.0,,,,,1,0,,,,,,,1,256.0,2.0,256.0,2.0,,,,,1,0.0,,,1.0,48.0,5.0,4.0,,,,,,,,,,64.0,,,419,1.0,,,4,2734.54545454545,,0.0,,,,,,,,6,32.0,,,,32.0,,,32.0,32.0,32.0,1,1.0
3045056000993427,3,4,50,56,99,3427,7,5,419,1,,6.0,1.5,1.5,2.0,53.0,53.0,53.0,53.0,53.0,53.0,,4982.0,43.0,2000.0,12.0,7.0,,,,,,,,,,,,4982.0,,,1,1,1,53.0,53.0,,100.0,,,,,1,0,,,,,,,1,371.0,2.0,371.0,2.0,,,,,1,0.0,,,1.0,79.5,5.0,4.0,,,,,,,,,,106.0,,,419,1.0,,,4,4529.09090909091,,0.0,,,,,,,,6,53.0,,,,53.0,,,53.0,53.0,53.0,1,1.0
3045056000993427,3,4,50,56,99,3427,8,6,419,1,,6.0,1.5,1.5,2.0,212.0,212.0,212.0,212.0,212.0,212.0,,19928.0,43.0,2000.0,12.0,7.0,,,,,,,,,,,,19928.0,,,1,1,1,212.0,212.0,,100.0,,,,,1,0,,,,,,,1,3500.0,2.0,3500.0,2.0,,,,,1,0.0,,,1.0,318.0,5.0,4.0,,,,,,,,,,200.0,,,419,1.0,,,4,18116.3636363636,,0.0,,,,,,,,6,212.0,,,,212.0,,,212.0,212.0,212.0,1,1.0
3045056000993427,3,4,50,56,99,3427,9,7,419,1,,6.0,1.5,1.5,2.0,22.0,22.0,22.0,22.0,22.0,22.0,,2105.0,43.0,2000.0,12.0,7.0,,,,,,,,,,,,2105.0,,,1,1,1,22.0,22.0,,100.0,,,,,1,0,,,,,,,1,112.0,2.0,112.0,2.0,,,,,1,0.0,,,1.0,33.75,5.0,4.0,,,,,,,,,,45.0,,,419,1.0,,,4,1913.63636363636,,0.0,,,,,,,,6,22.0,,,,22.0,,,22.0,22.0,22.0,1,1.0
3045056000993427,3,4,50,56,99,3427,10,8,419,1,,6.0,1.5,1.5,2.0,22808.0,22808.0,22808.0,22808.0,22808.0,22808.0,,2143999.0,43.0,2000.0,12.0,7.0,,,,,,,,,,,,2143999.0,,,1,1,1,22808.0,22808.0,,100.0,,,,,1,0,,,,,,,1,136851.0,2.0,136851.0,2.0,,,,,1,0.0,,,1.0,34212.75,5.0,4.0,,,,,,,,,,424.0,,,419,1.0,,,4,1949090.0,,0.0,,,,,,,,6,22808.0,,,,22808.0,,,22808.0,22808.0,22808.0,1,1.0
3045102000190001,3,4,51,2,19,1,1,1,419,1,,5.0,1.0,1.0,3.0,20.0,20.0,20.0,20.0,20.0,20.0,,2600.0,43.0,2000.0,12.0,7.0,2600.0,43.0,2000.0,12.0,100.0,,,,,,,,,,0,0,1,20.0,20.0,100.0,,,,,,1,0,,,,,,,1,,,150.0,3.0,90.0,5.0,,,1,0.0,,,1.0,90.0,5.0,4.0,90.0,5.0,4.0,,,,,,,4.0,,,419,1.0,,,4,2363.6363636363603,2363.6363636363603,0.0,,,,,,,,5,20.0,,,,,20.0,,20.0,20.0,20.0,1,30.110743116877106
3045102000190004,3,4,51,2,19,4,1,1,419,1,,6.0,1.0,1.0,2.0,36.0,36.0,36.0,36.0,36.0,36.0,,3505.0,43.0,2000.0,12.0,7.0,3505.0,43.0,2000.0,12.0,100.0,,,,,,,,,,0,0,1,36.0,36.0,100.0,,,,,,1,0,,,,,,,1,220.0,3.0,175.0,3.0,,,108.0,3.0,1,0.0,,,1.0,225.0,5.0,2.0,30.0,2.0,3.0,120.0,5.0,2.0,,,,12.0,,,419,1.0,,,4,3186.36363636364,3186.36363636364,0.0,,,,,,,,6,36.0,,,,36.0,,,36.0,36.0,36.0,1,17.1733082752915
3045156000993465,3,4,51,56,99,3465,1,1,419,1,,5.0,1.5,1.5,3.0,100.0,100.0,100.0,100.0,100.0,100.0,,7000.0,43.0,2000.0,12.0,7.0,7000.0,43.0,2000.0,12.0,100.0,,,,,,,,,,1,0,1,100.0,100.0,100.0,,,,,,1,0,,,,,,,1,4000.0,2.0,,,,,,,1,0.0,,,1.0,500.0,2.0,2.0,,,,,,,,,,,,,419,1.0,,,4,6363.6363636363585,6363.6363636363585,0.0,,,,,,,,5,100.0,,,,,100.0,,100.0,100.0,100.0,1,1.0
3045156000993467,3,4,51,56,99,3467,1,1,419,1,,1.0,1.0,1.0,1.0,40.0,40.0,40.0,40.0,40.0,40.0,,3600.0,43.0,2000.0,12.0,7.0,3600.0,43.0,2000.0,12.0,100.0,,,,,,,,,,0,0,1,40.0,40.0,100.0,,,,,,1,0,,,,,,,1,480.0,2.0,480.0,2.0,480.0,2.0,,,1,1.0,480.0,5.0,1.0,200.0,5.0,2.0,200.0,5.0,2.0,,,,,,,5.0,,,419,1.0,,,4,3272.72727272727,3272.72727272727,0.0,,,,,,,,1,40.0,,,40.0,,,,40.0,40.0,40.0,1,1.0
3045202003560001,3,4,52,2,356,1,1,1,419,1,,6.0,1.5,1.5,2.0,15.0,15.0,15.0,15.0,15.0,15.0,,1410.0,43.0,2000.0,12.0,7.0,,,,,,,,,,,,1410.0,,,1,1,1,15.0,15.0,,100.0,,,,,1,0,,,,,,,1,90.0,2.0,90.0,2.0,,,,,1,0.0,,,1.0,22.5,5.0,4.0,,,,,,,,,,30.0,,,419,1.0,,,4,1281.8181818181802,,0.0,,,,,,,,6,15.0,,,,15.0,,,15.0,15.0,15.0,1,0.0
3045202003560001,3,4,52,2,356,1,2,2,419,1,,6.0,1.5,1.5,2.0,35.0,35.0,35.0,35.0,35.0,35.0,,3290.0,43.0,2000.0,12.0,7.0,,,,,,,,,,,,3290.0,,,1,1,1,35.0,35.0,,100.0,,,,,1,0,,,,,,,1,210.0,2.0,210.0,2.0,,,,,1,0.0,,,1.0,52.5,5.0,4.0,,,,,,,,,,70.0,,,419,1.0,,,4,2990.90909090909,,0.0,,,,,,,,6,35.0,,,,35.0,,,35.0,35.0,35.0,1,0.0
3045202003560001,3,4,52,2,356,1,3,3,419,1,,6.0,1.5,1.5,2.0,28.0,28.0,28.0,28.0,28.0,28.0,,2632.0,43.0,2000.0,12.0,7.0,,,,,,,,,,,,2632.0,,,1,1,1,28.0,28.0,,100.0,,,,,1,0,,,,,,,1,140.0,2.0,140.0,2.0,,,,,1,0.0,,,1.0,42.0,5.0,4.0,,,,,,,,,,56.0,,,419,1.0,,,4,2392.72727272727,,0.0,,,,,,,,6,28.0,,,,28.0,,,28.0,28.0,28.0,1,0.0
3045202003560001,3,4,52,2,356,1,4,4,419,1,,6.0,1.5,1.5,2.0,12.5,12.5,12.5,12.5,12.5,12.5,,1175.0,43.0,2000.0,12.0,7.0,,,,,,,,,,,,1175.0,,,1,1,1,12.5,12.5,,100.0,,,,,1,0,,,,,,,1,75.0,2.0,75.0,2.0,,,,,1,0.0,,,1.0,18.75,5.0,4.0,,,,,,,,,,25.0,,,419,1.0,,,4,1068.1818181818198,,0.0,,,,,,,,6,12.5,,,,12.5,,,12.5,12.5,12.5,1,0.0
3045202003560001,3,4,52,2,356,1,5,5,419,1,,6.0,1.5,1.5,2.0,38.0,38.0,38.0,38.0,38.0,38.0,,3572.0,43.0,2000.0,12.0,7.0,,,,,,,,,,,,3572.0,,,1,1,1,38.0,38.0,,100.0,,,,,1,0,,,,,,,1,228.0,2.0,228.0,2.0,,,,,1,0.0,,,1.0,57.0,5.0,4.0,,,,,,,,,,76.0,,,419,1.0,,,4,3247.27272727273,,0.0,,,,,,,,6,38.0,,,,38.0,,,38.0,38.0,38.0,1,0.0
3045202004150001,3,4,52,2,415,1,3,1,419,1,,6.0,1.5,1.5,2.0,18.0,18.0,18.0,18.0,18.0,18.0,,1692.0,43.0,2000.0,12.0,7.0,,,,,,,,,,,,1692.0,,,1,1,1,18.0,18.0,,100.0,,,,,1,0,,,,,,,1,108.0,2.0,108.0,2.0,,,,,1,0.0,,,1.0,27.0,5.0,4.0,,,,,,,,,,27.0,,,419,1.0,,,4,1538.18181818182,,0.0,,,,,,,,6,18.0,,,,18.0,,,18.0,18.0,18.0,1,0.0
3045202004150001,3,4,52,2,415,1,4,2,419,1,,6.0,1.5,1.5,2.0,23.0,23.0,23.0,23.0,23.0,23.0,,2162.0,43.0,2000.0,12.0,7.0,,,,,,,,,,,,2162.0,,,1,1,1,23.0,23.0,,100.0,,,,,1,0,,,,,,,1,184.0,2.0,184.0,2.0,,,,,1,0.0,,,1.0,34.5,5.0,4.0,,,,,,,,,,46.0,,,419,1.0,,,4,1965.4545454545496,,0.0,,,,,,,,6,23.0,,,,23.0,,,23.0,23.0,23.0,1,0.0
3045202004150001,3,4,52,2,415,1,5,3,419,1,,0.0,1.5,1.5,2.0,56.0,56.0,,,,,,,,,,,,,,,,,,,,,,,,,1,1,1,56.0,56.0,,100.0,,,,,0,0,,,,,,,0,,,,,,,,,0,0.0,,,0.0,,,,,,,,,,,,,112.0,,,419,1.0,,,4,,,,,,,,,,,0,56.0,,,,56.0,,,56.0,,,1,0.0
3045202004150001,3,4,52,2,415,1,6,4,419,1,,6.0,1.5,1.5,2.0,32.0,32.0,32.0,32.0,32.0,32.0,,3008.0,43.0,2000.0,12.0,7.0,,,,,,,,,,,,3008.0,,,1,1,1,32.0,32.0,,100.0,,,,,1,0,,,,,,,1,256.0,2.0,256.0,2.0,,,,,1,0.0,,,1.0,48.0,5.0,4.0,,,,,,,,,,64.0,,,419,1.0,,,4,2734.54545454545,,0.0,,,,,,,,6,32.0,,,,32.0,,,32.0,32.0,32.0,1,0.0
3045202004150001,3,4,52,2,415,1,7,5,419,1,,6.0,1.5,1.5,2.0,53.0,53.0,53.0,53.0,53.0,53.0,,4982.0,43.0,2000.0,12.0,7.0,,,,,,,,,,,,4982.0,,,1,1,1,53.0,53.0,,100.0,,,,,1,0,,,,,,,1,371.0,2.0,371.0,2.0,,,,,1,0.0,,,1.0,79.5,5.0,4.0,,,,,,,,,,106.0,,,419,1.0,,,4,4529.09090909091,,0.0,,,,,,,,6,53.0,,,,53.0,,,53.0,53.0,53.0,1,0.0
3045202004150001,3,4,52,2,415,1,8,6,419,1,,6.0,1.5,1.5,2.0,212.0,212.0,212.0,212.0,212.0,212.0,,19928.0,43.0,2000.0,12.0,7.0,,,,,,,,,,,,19928.0,,,1,1,1,212.0,212.0,,100.0,,,,,1,0,,,,,,,1,3500.0,2.0,3500.0,2.0,,,,,1,0.0,,,1.0,318.0,5.0,4.0,,,,,,,,,,200.0,,,419,1.0,,,4,18116.3636363636,,0.0,,,,,,,,6,212.0,,,,212.0,,,212.0,212.0,212.0,1,0.0
3045202004150001,3,4,52,2,415,1,9,7,419,1,,6.0,1.5,1.5,2.0,22.5,22.5,22.5,22.5,22.5,22.5,,2105.0,43.0,2000.0,12.0,7.0,,,,,,,,,,,,2105.0,,,1,1,1,22.5,22.5,,100.0,,,,,1,0,,,,,,,1,112.0,2.0,112.0,2.0,,,,,1,0.0,,,1.0,33.75,5.0,4.0,,,,,,,,,,45.0,,,419,1.0,,,4,1913.63636363636,,0.0,,,,,,,,6,22.5,,,,22.5,,,22.5,22.5,22.5,1,0.0
3045202004160001,3,4,52,2,416,1,2,1,419,1,,6.0,1.5,1.5,2.0,212.0,212.0,212.0,212.0,212.0,212.0,,19928.0,43.0,2000.0,12.0,7.0,,,,,,,,,,,,19928.0,,,1,1,1,212.0,212.0,,100.0,,,,,1,0,,,,,,,1,3500.0,2.0,3500.0,2.0,,,,,1,0.0,,,1.0,318.0,5.0,4.0,,,,,,,,,,200.0,,,419,1.0,,,4,18116.3636363636,,0.0,,,,,,,,6,212.0,,,,212.0,,,212.0,212.0,212.0,1,0.0
3045202004160001,3,4,52,2,416,1,3,2,419,1,,0.0,1.5,1.5,2.0,23.0,23.0,,,,,,,,,,,,,,,,,,,,,,,,,1,1,1,23.0,23.0,,100.0,,,,,0,0,,,,,,,0,,,,,,,,,0,0.0,,,0.0,,,,,,,,,,,,,112.0,,,419,1.0,,,4,,,,,,,,,,,0,23.0,,,,23.0,,,23.0,,,1,0.0
3045256000993464,3,4,52,56,99,3464,1,1,419,1,,10.0,1.5,1.5,2.0,60.0,60.0,60.0,60.0,60.0,60.0,,5640.0,43.0,2000.0,12.0,7.0,5640.0,43.0,2000.0,12.0,100.0,,,,,,,,,,1,1,1,60.0,60.0,100.0,,,,,,1,0,,,,,,,1,400.0,3.0,400.0,3.0,,,,,1,0.0,,,1.0,225.0,5.0,2.0,60.0,2.0,5.0,240.0,5.0,2.0,,,,25.0,,,419,1.0,,,4,5127.27272727273,5127.27272727273,0.0,,,,,,,,10,,60.0,,,60.0,,,60.0,60.0,60.0,1,1.0
8016603007330002,8,1,66,3,733,2,2,2,419,1,,2.0,1.0,1.0,1.0,1.0,1.0,1.0,1.0,1.0,1.0,,316.0,15.0,80.0,12.0,5.0,316.0,15.0,80.0,12.0,100.0,,,,,,,,,,0,0,0,,,,,,,,,0,0,,,,,,,0,,,,,,,,,0,0.0,,,0.0,,,,,,,,,,,,,,,,419,,2.0,,4,11.4909090909091,11.4909090909091,0.0,,,,,,,,2,1.0,,,1.0,,,,,,,1,108.996627394
9015303014820001,9,1,53,3,1482,1,1,1,419,1,,6.0,0.5,0.7,2.0,1200.0,1200.0,1200.0,1200.0,1200.0,1200.0,,180000.0,44.0,2200.0,12.0,7.0,180000.0,44.0,2200.0,12.0,100.0,,,,,,,,,,0,0,1,1200.0,1200.0,,,,100.0,,,1,0,,,,,,,1,120000.0,2.0,,,,,,,1,0.0,,,1.0,900.0,5.0,3.0,300.0,5.0,3.0,,,,,,,50.0,,,419,,2.0,,4,180000.0,180000.0,0.0,,,,,,,,6,1200.0,,,,1200.0,,,1200.0,1200.0,1200.0,1,0.0
9015356000993441,9,1,53,56,99,3441,1,1,419,1,,6.0,0.5,0.75,2.0,1200.0,1200.0,1200.0,1200.0,1200.0,1200.0,,180000.0,44.0,2200.0,12.0,7.0,180000.0,44.0,2200.0,12.0,100.0,,,,,,,,,,0,0,1,1200.0,1200.0,,,,100.0,,,1,0,,,,,,,1,120000.0,2.0,,,,,,,1,0.0,,,1.0,900.0,5.0,3.0,300.0,5.0,3.0,,,,,,,50.0,,,419,,2.0,,4,180000.0,180000.0,0.0,,,,,,,,6,1200.0,,,,1200.0,,,1200.0,1200.0,1200.0,1,1.0
9025003008490018,9,2,50,3,849,18,1,1,419,1,,5.0,1.5,1.5,2.0,15.0,15.0,15.0,15.0,15.0,15.0,,1125.0,44.0,2200.0,12.0,7.0,1125.0,44.0,2200.0,12.0,100.0,,,,,,,,,,0,0,1,15.0,15.0,100.0,,,,,,1,0,,,,,,,1,,,1200.0,2.0,1200.0,2.0,1200.0,2.0,1,0.0,,,1.0,42.0,5.0,2.0,,,,,,,,,,4.0,,,419,,2.0,,4,1125.0,1125.0,0.0,,,,,,,,5,15.0,,,,15.0,,,15.0,15.0,15.0,1,86.2142107127231
9025004001020004,9,2,50,4,102,4,1,1,419,1,,3.0,0.5,0.5,1.0,38.0,26.8128,38.0,26.8128,38.0,26.8128,,1980.0,44.0,2200.0,12.0,7.0,1980.0,44.0,2200.0,12.0,100.0,,,,,,,,,,0,0,1,38.0,26.8128,100.0,,,,,,1,0,,,,,,,1,,,6600.0,2.0,,,,,1,0.0,,,1.0,66.0,5.0,4.0,,,,,,,,,,6.0,,,419,,2.0,,4,1980.0,1980.0,0.0,,,,,,,,3,26.8128,,,26.8128,,,,26.8128,26.8128,26.8128,1,16.3467890945759
9025004001020020,9,2,50,4,102,20,1,1,419,1,,3.0,0.3,0.5,1.0,39.0,39.0,39.0,39.0,39.0,39.0,,2340.0,44.0,2200.0,12.0,7.0,2340.0,44.0,2200.0,12.0,100.0,,,,,,,,,,0,0,1,39.0,39.0,100.0,,,,,,1,0,,,,,,,1,,,7800.0,2.0,,,,,1,0.0,,,1.0,78.0,5.0,4.0,39.0,5.0,3.0,,,,,,,6.0,,,419,,2.0,,4,2340.0,2340.0,0.0,,,,,,,,3,39.0,,,39.0,,,,39.0,39.0,39.0,1,19.5194235831504
9045061000992407,9,4,50,61,99,2407,1,1,419,1,,1.0,2.0,1.0,1.0,1.0,1.0,1.0,1.0,1.0,1.0,,900.0,35.0,100.0,12.0,1.0,,,,,,,,,,900.0,,,,,0,0,0,,,,,,,,,1,0,,,,,,,1,2.0,3.0,,,,,,,1,0.0,,,1.0,1.5,5.0,4.0,,,,,,,,,,,,,419,,2.0,,4,40.9090909090909,,0.0,,,,,,,,1,1.0,,,1.0,,,,,1.0,1.0,1,1.0
9055061000993218,9,5,50,61,99,3218,3,2,419,1,,1.0,3.0,3.0,2.0,0.25,0.25,0.25,0.25,0.25,0.25,,250.0,35.0,100.0,12.0,7.0,,,,,,,,,,250.0,,,,,0,0,1,0.25,0.25,,100.0,,,,,0,0,,,,,,,0,,,,,,,,,0,0.0,,,0.0,,,,,,,,,,,,,,,,419,,2.0,,4,11.3636363636364,,0.0,,,,,,,,1,0.25,,,,0.25,,,0.25,,,1,1.0
9075056000993466,9,7,50,56,99,3466,1,1,419,1,,6.0,1.5,1.5,2.0,169.25,169.25,169.25,169.25,169.25,169.25,,15232.0,44.0,2200.0,12.0,7.0,15232.0,44.0,2200.0,12.0,100.0,,,,,,,,,,0,0,1,169.25,169.25,100.0,,,,,,1,0,,,,,,,1,22002.0,2.0,10155.0,2.0,,,10555.0,2.0,1,0.0,,,1.0,1692.5,5.0,3.0,,,,,,,,,,30.0,,,419,,2.0,,4,15232.0,15232.0,0.0,,,,,,,,6,169.25,,,,169.25,,,169.25,169.25,169.25,1,1.0
9095002100990005,9,9,50,2,10099,5,2,2,419,1,,6.0,1.0,1.0,1.0,6.99,6.99,6.99,6.99,6.99,6.99,,700.0,43.0,2000.0,12.0,7.0,700.0,43.0,2000.0,12.0,100.0,,,,,,,,,,0,0,1,6.99,6.99,100.0,,,,,,1,0,,,,,,,1,42.0,3.0,,,,,,,1,0.0,,,1.0,7.0,5.0,4.0,5.0,5.0,4.0,7.0,5.0,4.0,,,,,,,419,,2.0,,4,636.363636363636,636.363636363636,0.0,,,,,,,,6,6.99,,,6.99,,,,6.99,6.99,6.99,1,12.641332612681301
9095002100990007,9,9,50,2,10099,7,2,2,419,1,,10.0,1.0,1.0,1.0,7.0,7.0,7.0,7.0,7.0,7.0,,630.0,43.0,2000.0,12.0,7.0,630.0,43.0,2000.0,12.0,100.0,,,,,,,,,,0,0,1,7.0,7.0,100.0,,,,,,1,0,,,,,,,1,84.0,3.0,,,,,,,1,0.0,,,1.0,7.0,5.0,4.0,7.0,5.0,4.0,6.0,5.0,4.0,,,,4.0,,,419,,2.0,,4,572.727272727273,572.727272727273,0.0,,,,,,,,10,,7.0,,7.0,,,,7.0,7.0,7.0,1,27.059015824527698
9095002101290002,9,9,50,2,10129,2,1,1,419,1,,4.0,1.0,1.0,1.0,21.0,21.0,21.0,21.0,21.0,21.0,,1680.0,44.0,2200.0,12.0,7.0,1680.0,44.0,2200.0,12.0,100.0,,,,,,,,,,0,0,1,21.0,21.0,100.0,,,,,,1,0,,,,,,,1,350.0,2.0,600.0,2.0,,,,,1,0.0,,,1.0,10.5,5.0,4.0,8.4,5.0,4.0,,,,,,,,,,419,,2.0,,4,1680.0,1680.0,0.0,,,,,,,,4,21.0,,,21.0,,,,21.0,21.0,21.0,1,14.0451154504229
9095002101290002,9,9,50,2,10129,2,2,2,419,1,,5.0,1.0,1.0,1.0,5.0,5.0,5.0,5.0,5.0,5.0,,400.0,44.0,2200.0,12.0,7.0,400.0,44.0,2200.0,12.0,100.0,,,,,,,,,,0,0,1,5.0,5.0,100.0,,,,,,1,0,,,,,,,1,200.0,2.0,100.0,2.0,,,,,1,0.0,,,1.0,2.5,5.0,4.0,2.0,5.0,4.0,,,,,,,,,,419,,2.0,,4,400.0,400.0,0.0,,,,,,,,5,5.0,,,5.0,,,,5.0,5.0,5.0,1,23.0016366241954
9095002101290006,9,9,50,2,10129,6,1,1,419,1,,2.0,2.0,2.0,1.0,21.0,21.0,21.0,21.0,21.0,21.0,,1680.0,44.0,2200.0,12.0,7.0,1680.0,44.0,2200.0,12.0,100.0,,,,,,,,,,0,0,1,21.0,21.0,100.0,,,,,,1,0,,,,,,,1,300.0,3.0,,,,,,,1,0.0,,,1.0,180.0,5.0,4.0,90.0,5.0,4.0,480.0,5.0,4.0,,,,3.0,2.0,,419,,2.0,,4,1680.0,1680.0,0.0,,,,,,,,2,21.0,,,21.0,,,,21.0,21.0,21.0,1,26.395023884685997
9095002101290007,9,9,50,2,10129,7,1,1,419,1,,3.0,1.0,1.0,1.0,3.0,3.0,3.0,3.0,3.0,3.0,,500.0,43.0,2000.0,12.0,7.0,500.0,43.0,2000.0,12.0,100.0,,,,,,,,,,0,0,1,3.0,3.0,100.0,,,,,,1,0,,,,,,,1,,,300.0,2.0,,,,,1,0.0,,,1.0,3.0,5.0,4.0,3.0,5.0,4.0,,,,,,,,,,419,,2.0,,4,454.545454545455,454.545454545455,0.0,,,,,,,,3,3.0,,,3.0,,,,3.0,3.0,3.0,1,45.303783328606215
9095002101290008,9,9,50,2,10129,8,1,1,419,1,,3.0,1.0,1.0,1.0,5.0,5.0,5.0,5.0,5.0,5.0,,750.0,43.0,2000.0,12.0,7.0,750.0,43.0,2000.0,12.0,100.0,,,,,,,,,,0,0,1,5.0,5.0,100.0,,,,,,1,0,,,,,,,1,150.0,2.0,300.0,2.0,,,,,1,0.0,,,1.0,1.5,5.0,4.0,0.5,5.0,4.0,,,,,,,2.0,,,419,,2.0,,4,681.818181818182,681.818181818182,0.0,,,,,,,,3,5.0,,,5.0,,,,5.0,5.0,5.0,1,28.715207274432398
9095002101290009,9,9,50,2,10129,9,1,1,419,1,,2.0,1.45,1.45,1.0,2.5,2.5,2.5,2.5,2.5,2.5,,270.0,43.0,2000.0,12.0,7.0,270.0,43.0,2000.0,12.0,100.0,,,,,,,,,,0,0,1,2.5,2.5,100.0,,,,,,1,0,,,,,,,1,1500.0,2.0,,,,,,,1,0.0,,,1.0,1.5,5.0,3.0,,,,,,,,,,,,,419,,2.0,,4,245.45454545454498,245.45454545454498,0.0,,,,,,,,2,2.5,,,2.5,,,,2.5,2.5,2.5,1,113.902816895083
9095002106580001,9,9,50,2,10658,1,1,1,419,1,,3.0,1.9,1.9,2.0,19332.0,19332.0,19332.0,19332.0,19332.0,19332.0,,1325495.0,44.0,2200.0,12.0,7.0,,,,,,,,,,,,1325495.0,,,0,0,1,19332.0,19332.0,100.0,,,,,,1,0,,,,,,,1,6800.0,2.0,,,,,,,1,0.0,,,1.0,250000.0,5.0,3.0,1000.0,5.0,3.0,60.0,5.0,5.0,,,,,,,419,,2.0,,4,1325495.0,,0.0,,,,,,,,3,19332.0,,,,19332.0,,,19332.0,19332.0,19332.0,1,0.0
9095002109400001,9,9,50,2,10940,1,1,1,419,1,,8.0,1.5,1.5,1.0,40.0,40.0,40.0,40.0,40.0,40.0,,3280.0,43.0,2000.0,12.0,7.0,3280.0,43.0,2000.0,12.0,100.0,,,,,,,,,,0,1,1,40.0,40.0,100.0,,,,,,1,0,,,,,,,1,,,6000.0,2.0,,,,,1,0.0,,,1.0,120.0,5.0,3.0,,,,,,,,,,15.0,,,419,,2.0,,4,2981.8181818181797,2981.8181818181797,0.0,,,,,,,,8,40.0,,,40.0,,,,40.0,40.0,40.0,1,25.82891730010689
9095002109400002,9,9,50,2,10940,2,1,1,419,1,,8.0,1.5,1.5,1.0,10.0,10.0,10.0,10.0,10.0,10.0,,900.0,43.0,2000.0,12.0,7.0,900.0,43.0,2000.0,12.0,100.0,,,,,,,,,,0,1,1,10.0,10.0,100.0,,,,,,1,0,,,,,,,1,1000.0,2.0,500.0,2.0,,,,,1,0.0,,,1.0,15.0,5.0,4.0,,,,,,,,,,5.0,,,419,,2.0,,4,818.1818181818179,818.1818181818179,0.0,,,,,,,,8,10.0,,,10.0,,,,10.0,10.0,10.0,1,1.9053117083923
9095002109400004,9,9,50,2,10940,4,1,1,419,1,,9.0,1.5,1.5,2.0,26.0,26.0,26.0,26.0,26.0,26.0,,3120.0,43.0,2000.0,12.0,7.0,3120.0,43.0,2000.0,12.0,100.0,,,,,,,,,,0,0,1,26.0,26.0,100.0,,,,,,1,0,,,,,,,1,200.0,2.0,200.0,2.0,200.0,2.0,150.0,2.0,1,0.0,,,1.0,8.0,5.0,4.0,,,,,,,,,,,,,419,,2.0,,4,2836.36363636364,2836.36363636364,0.0,,,,,,,,9,26.0,,,,26.0,,,26.0,26.0,26.0,1,32.0759795850736
9095002109400005,9,9,50,2,10940,5,1,1,419,1,,8.0,1.5,1.5,1.0,27.0,27.0,27.0,27.0,27.0,27.0,,1755.0,43.0,2000.0,12.0,7.0,1755.0,43.0,2000.0,12.0,100.0,,,,,,,,,,0,0,1,27.0,27.0,100.0,,,,,,1,0,,,,,,,1,1350.0,2.0,675.0,2.0,675.0,2.0,,,1,0.0,,,1.0,20.0,5.0,4.0,,,,,,,,,,0.0,0.0,,419,,2.0,,4,1595.4545454545498,1595.4545454545498,0.0,,,,,,,,8,27.0,,,27.0,,,,27.0,27.0,27.0,1,22.3820786515766
9095002115830004,9,9,50,2,11583,4,1,1,419,1,,10.0,1.0,1.0,1.0,5.0,5.0,5.0,5.0,5.0,5.0,,450.0,43.0,2000.0,12.0,7.0,450.0,43.0,2000.0,12.0,100.0,,,,,,,,,,0,0,1,5.0,5.0,100.0,,,,,,1,0,,,,,,,1,40.0,3.0,,,,,,,1,0.0,,,1.0,5.0,5.0,4.0,5.0,5.0,4.0,5.0,5.0,4.0,,,,,,,419,,2.0,,4,409.09090909090895,409.09090909090895,0.0,,,,,,,,10,,5.0,,5.0,,,,5.0,5.0,5.0,1,52.9868901461977
9095002119060002,9,9,50,2,11906,2,1,1,419,1,,3.0,1.0,1.0,4.0,1096.0,1096.0,1096.0,1096.0,1096.0,1096.0,,120225.0,43.0,2000.0,12.0,7.0,120225.0,43.0,2000.0,12.0,100.0,,,,,,,,,,0,0,1,1096.0,1096.0,20.0,80.0,,,,,1,0,,,,,,,1,,,3340.0,3.0,4464.0,3.0,1110.0,3.0,1,0.0,,,1.0,8800.0,5.0,4.0,,,,,,,,,,,,,419,,2.0,,4,109295.454545455,109295.454545455,0.0,,,,,,,,3,1096.0,,,,,,1096.0,1096.0,1096.0,1096.0,1,0.0
9095002124040001,9,9,50,2,12404,1,1,1,419,1,,30.0,1.6,1.6,3.0,1098.92,1098.92,1098.92,1098.92,1098.92,1098.92,,65493.0,44.0,2200.0,12.0,2.0,0.0,,,,,,,,,,,65493.0,,,0,0,1,1098.92,1098.92,30.0,70.0,,,,,1,0,,,,,,,1,,,47568.52,2.0,45554.6,2.0,103392.04,2.0,1,0.0,,,1.0,1573.8,5.0,3.0,,,,,,,,,,,,,419,,2.0,,4,65493.0,0.0,0.0,,,,,,,,30,,,1098.92,,,1098.92,,1098.92,1098.92,1098.92,1,0.0
9095002124040005,9,9,50,2,12404,5,1,1,419,1,,18.0,1.0,1.0,1.0,215.45,215.45,215.45,215.45,215.45,215.45,,15081.0,44.0,2200.0,12.0,7.0,15081.0,44.0,2200.0,12.0,,100.0,,,,,,,,,0,0,1,215.45,215.45,100.0,,,,,,1,0,,,,,,,1,64500.0,2.0,,,,,,,1,0.0,,,1.0,220.0,5.0,3.0,,,,,,,,,,,,,419,,2.0,,4,15081.0,15081.0,0.0,,,,,,,,18,,215.45,,215.45,,,,215.45,215.45,215.45,1,2.09769784327218
9095002124260001,9,9,50,2,12426,1,1,1,419,1,,10.0,1.0,1.0,1.0,28.0,28.0,28.0,28.0,28.0,28.0,,2100.0,44.0,2200.0,12.0,7.0,2100.0,44.0,2200.0,12.0,100.0,,,,,,,,,,0,0,1,28.0,28.0,100.0,,,,,,1,0,,,,,,,1,,,3750.0,2.0,,,,,1,0.0,,,1.0,12.0,5.0,3.0,,,,,,,,,,,,,419,,2.0,,4,2100.0,2100.0,0.0,,,,,,,,10,,28.0,,28.0,,,,28.0,28.0,28.0,1,49.391980334570505
9095002124260002,9,9,50,2,12426,2,1,1,419,1,,15.0,1.0,1.0,1.0,10.0,10.0,10.0,10.0,10.0,10.0,,750.0,44.0,2200.0,12.0,7.0,750.0,44.0,2200.0,12.0,100.0,,,,,,,,,,0,0,1,10.0,10.0,100.0,,,,,,1,0,,,,,,,1,1500.0,2.0,,,,,,,1,0.0,,,1.0,5.0,5.0,4.0,,,,,,,,,,,,,419,,2.0,,4,750.0,750.0,0.0,,,,,,,,15,,10.0,,10.0,,,,10.0,10.0,10.0,1,66.5604353247605
9095002124260003,9,9,50,2,12426,3,1,1,419,1,,7.0,1.5,1.5,1.0,15.0,15.0,15.0,15.0,15.0,15.0,,1200.0,44.0,2200.0,12.0,7.0,1200.0,44.0,2200.0,12.0,100.0,,,,,,,,,,0,0,1,15.0,15.0,100.0,,,,,,1,0,,,,,,,1,,,750.0,2.0,,,,,1,0.0,,,1.0,3.75,5.0,4.0,,,,,,,,,,,,,419,,2.0,,4,1200.0,1200.0,0.0,,,,,,,,7,15.0,,,15.0,,,,15.0,15.0,15.0,1,22.0106785390438
9095002124260004,9,9,50,2,12426,4,1,1,419,1,,15.0,1.5,1.5,1.0,15.0,15.0,15.0,15.0,15.0,15.0,,975.0,44.0,2200.0,12.0,7.0,975.0,44.0,2200.0,12.0,100.0,,,,,,,,,,0,0,1,15.0,15.0,100.0,,,,,,1,0,,,,,,,1,750.0,2.0,,,,,,,1,0.0,,,1.0,7.5,5.0,5.0,,,,,,,,,,,,,419,,2.0,,4,975.0,975.0,0.0,,,,,,,,15,,15.0,,15.0,,,,15.0,15.0,15.0,1,0.356695710251728
9095002127570001,9,9,50,2,12757,1,1,1,419,1,,45.0,1.5,1.5,1.0,450.0,450.0,450.0,450.0,450.0,450.0,,29250.0,44.0,2200.0,12.0,7.0,29250.0,44.0,2200.0,12.0,100.0,,,,,,,,,,0,0,1,450.0,450.0,100.0,,,,,,1,0,,,,,,,1,,,180000.0,2.0,,,,,1,0.0,,,1.0,900.0,5.0,3.0,,,,,,,,,,,,,419,,2.0,,4,29250.0,29250.0,0.0,,,,,,,,45,,,450.0,450.0,,,,450.0,450.0,450.0,1,3.56247991205079
9095056000993432,9,9,50,56,99,3432,1,1,419,1,,3.0,1.0,1.0,4.0,1096.0,1096.0,1096.0,1096.0,1096.0,1096.0,,120225.0,43.0,2000.0,12.0,2.0,120225.0,43.0,2000.0,12.0,100.0,,,,,,,,,,0,0,1,1096.0,1096.0,20.0,80.0,,,,,1,0,,,,,,,1,,,3340.0,3.0,4460.0,3.0,1110.0,3.0,1,0.0,,,1.0,8800.0,5.0,3.0,,,,,,,,,,,,,419,,2.0,,4,109295.454545455,109295.454545455,0.0,,,,,,,,3,1096.0,,,,,,1096.0,1096.0,1096.0,1096.0,1,1.0
9095056000993432,9,9,50,56,99,3432,3,2,419,1,,3.0,1.0,1.0,4.0,254.0,254.0,254.0,254.0,254.0,254.0,,28203.0,43.0,2000.0,12.0,2.0,28203.0,43.0,2000.0,12.0,100.0,,,,,,,,,,0,0,1,254.0,254.0,20.0,80.0,,,,,1,0,,,,,,,1,,,774.0,3.0,1050.0,3.0,255.0,3.0,1,0.0,,,1.0,2040.0,5.0,3.0,,,,,,,,,,,,,419,,2.0,,4,25639.090909090897,25639.090909090897,0.0,,,,,,,,3,254.0,,,,,,254.0,254.0,254.0,254.0,1,1.0
9095056000993448,9,9,50,56,99,3448,1,1,419,1,,8.0,1.5,1.5,3.0,380.67,380.67,380.67,380.67,380.67,380.67,,29692.26,44.0,2200.0,12.0,1.0,29692.26,44.0,2200.0,12.0,100.0,,,,,,,,,,0,0,1,380.67,380.67,100.0,,,,,,1,0,,,,,,,1,1520.0,3.0,1520.0,3.0,1520.0,3.0,,,1,0.0,,,1.0,760.0,5.0,3.0,76.0,1.0,5.0,,,,,,,,,,419,,2.0,,4,29692.26,29692.26,0.0,,,,,,,,8,380.67,,,,,380.67,,380.67,380.67,380.67,1,1.0
9095056000993450,9,9,50,56,99,3450,1,1,419,1,,6.0,0.5,1.8,1.0,519.98,519.98,519.98,519.98,519.98,519.98,,41520.0,44.0,2200.0,12.0,1.0,41520.0,44.0,2200.0,12.0,100.0,,,,,,,,,,0,0,1,208.0,208.0,,100.0,,,,,1,0,,,,,,,1,3114.0,3.0,,,,,,,1,0.0,,,1.0,3114.0,5.0,2.0,,,,,,,,,,,,,419,,2.0,,4,41520.0,41520.0,0.0,,,,,,,,6,519.98,,,519.98,,,,519.98,519.98,519.98,1,1.0
9095056000993451,9,9,50,56,99,3451,1,1,419,1,,5.0,0.9,0.5,3.0,270.0,270.0,270.0,270.0,270.0,270.0,,18900.0,44.0,2200.0,12.0,7.0,18900.0,44.0,2200.0,12.0,100.0,,,,,,,,,,0,0,1,250.0,250.0,100.0,,,,,,1,0,,,,,,,1,1620.0,3.0,,,,,,,1,0.0,,,1.0,135.0,5.0,3.0,,,,,,,,,,,,,419,,2.0,,4,18900.0,18900.0,0.0,,,,,,,,5,270.0,,,,,270.0,,270.0,270.0,270.0,1,1.0
9095056000993456,9,9,50,56,99,3456,1,1,419,1,,4.0,0.9,0.5,3.0,250.0,250.0,250.0,250.0,250.0,250.0,,17500.0,44.0,2200.0,12.0,7.0,17500.0,44.0,2200.0,12.0,100.0,,,,,,,,,,0,0,1,250.0,250.0,100.0,,,,,,1,0,,,,,,,1,1500.0,3.0,,,,,,,1,0.0,,,1.0,125.0,5.0,3.0,,,,,,,,,,,,,419,,2.0,,4,17500.0,17500.0,0.0,,,,,,,,4,250.0,,,,,250.0,,250.0,250.0,250.0,1,1.0
9095056000993474,9,9,50,56,99,3474,1,1,419,1,,7.0,1.5,1.5,2.0,110.0,110.0,110.0,110.0,110.0,110.0,,6600.0,44.0,2200.0,12.0,5.0,6600.0,44.0,2200.0,12.0,100.0,,,,,,,,,,0,0,1,110.0,110.0,100.0,,,,,,1,0,,,,,,,1,,,1500.0,3.0,,,,,1,0.0,,,1.0,990.0,5.0,4.0,,,,,,,,,,,,,419,,2.0,,4,6600.0,6600.0,0.0,,,,,,,,7,110.0,,,,110.0,,,110.0,110.0,110.0,1,1.0
9095056000993481,9,9,50,56,99,3481,1,1,419,1,,7.0,1.6,1.6,3.0,1135.65,1135.65,1135.65,1135.65,1135.65,1135.65,,53938.0,44.0,2200.0,12.0,2.0,53938.0,44.0,2200.0,12.0,100.0,,,,,,,,,,0,0,1,906.41,906.41,100.0,,,,,,1,0,,,,,,,1,,,51106.05,2.0,79320.41,2.0,11876.95,2.0,1,0.0,,,1.0,16230.5,5.0,3.0,,,,,,,,,,,,,419,,2.0,,4,53938.0,53938.0,0.0,,,,,,,,7,1135.65,,,,,1135.65,,1135.65,1135.65,1135.65,1,1.0
9105003010210007,9,10,50,3,1021,7,2,2,419,1,,10.0,1.5,1.5,1.0,3.0,3.0,3.0,3.0,3.0,3.0,,200.0,44.0,2200.0,12.0,7.0,200.0,44.0,2200.0,12.0,100.0,,,,,,,,,,0,0,1,3.0,3.0,100.0,,,,,,1,0,,,,,,,1,,,10.0,3.0,,,5.0,3.0,1,0.0,,,1.0,12.0,5.0,3.0,,,,,,,,,,,,,419,,2.0,,4,200.0,200.0,0.0,,,,,,,,10,,3.0,,3.0,,,,3.0,3.0,3.0,1,268.56009966577096
9105003010210010,9,10,50,3,1021,10,1,1,419,1,,5.0,1.5,1.5,2.0,1.79,1.79,1.79,1.79,1.79,1.79,,130.0,44.0,2200.0,12.0,7.0,130.0,44.0,2200.0,12.0,100.0,,,,,,,,,,0,0,1,1.79,1.79,100.0,,,,,,1,0,,,,,,,1,,,350.0,2.0,,,4.0,5.0,1,0.0,,,1.0,16.0,5.0,3.0,,,,,,,,,,5.0,,,419,,2.0,,4,130.0,130.0,0.0,,,,,,,,5,1.79,,,,1.79,,,1.79,1.79,1.79,1,269.890925888737
9105003010210010,9,10,50,3,1021,10,2,2,419,1,,5.0,1.5,1.5,2.0,4.74,4.74,4.74,4.74,4.74,4.74,,340.0,44.0,2200.0,12.0,7.0,340.0,44.0,2200.0,12.0,100.0,,,,,,,,,,0,0,1,4.74,4.74,100.0,,,,,,1,0,,,,,,,1,,,750.0,2.0,,,10.0,5.0,1,0.0,,,1.0,42.0,5.0,3.0,,,,,,,,,,,,,419,,2.0,,4,340.0,340.0,0.0,,,,,,,,5,4.74,,,,4.74,,,4.74,4.74,4.74,1,188.708190643189
9105003010210011,9,10,50,3,1021,11,1,1,419,1,,8.0,1.2,1.2,2.0,4.0,4.0,4.0,4.0,4.0,4.0,,210.0,44.0,2200.0,12.0,7.0,210.0,44.0,2200.0,12.0,100.0,,,,,,,,,,0,0,0,,,,,,,,,1,0,,,,,,,1,12.0,3.0,,,,,,,1,0.0,,,1.0,16.0,5.0,3.0,,,,,,,,,,4.0,,,419,,2.0,,4,210.0,210.0,0.0,,,,,,,,8,4.0,,,,4.0,,,,4.0,4.0,1,182.97990541985504
9105003010210012,9,10,50,3,1021,12,1,1,419,1,,5.0,0.3,0.5,1.0,1.5,1.5,1.5,1.5,1.5,1.5,,120.0,44.0,2200.0,12.0,7.0,120.0,44.0,2200.0,12.0,100.0,,,,,,,,,,0,0,1,1.5,1.5,100.0,,,,,,1,0,,,,,,,1,,,250.0,2.0,,,,,1,0.0,,,1.0,3.0,5.0,4.0,,,,,,,,,,,1.0,,419,,2.0,,4,120.0,120.0,0.0,,,,,,,,5,1.5,,,1.5,,,,1.5,1.5,1.5,1,190.275432977162
9105003010210012,9,10,50,3,1021,12,2,2,419,1,,5.0,0.3,0.5,1.0,7.0,7.0,7.0,7.0,7.0,7.0,,560.0,44.0,2200.0,12.0,7.0,560.0,44.0,2200.0,12.0,100.0,,,,,,,,,,0,0,1,7.0,7.0,100.0,,,,,,1,0,,,,,,,1,,,600.0,2.0,,,,,1,0.0,,,1.0,8.0,5.0,4.0,,,,,,,,,,,,,419,,2.0,,4,560.0,560.0,0.0,,,,,,,,5,7.0,,,7.0,,,,7.0,7.0,7.0,1,45.50518724305231
9105003010210013,9,10,50,3,1021,13,1,1,419,1,,4.0,1.5,1.5,1.0,4.0,4.0,4.0,4.0,4.0,4.0,,300.0,44.0,2200.0,12.0,7.0,300.0,44.0,2200.0,12.0,100.0,,,,,,,,,,0,0,1,4.0,4.0,100.0,,,,,,1,0,,,,,,,1,,,30.0,3.0,,,,,1,0.0,,,1.0,30.0,5.0,3.0,,,,,,,,,,3.0,,,419,,2.0,,4,300.0,300.0,0.0,,,,,,,,4,4.0,,,4.0,,,,4.0,4.0,4.0,1,323.28593878562
9105003010210013,9,10,50,3,1021,13,3,3,419,1,,6.0,1.5,1.5,1.0,6.0,6.0,6.0,6.0,6.0,6.0,,400.0,44.0,2200.0,12.0,7.0,400.0,44.0,2200.0,12.0,100.0,,,,,,,,,,0,0,1,6.0,6.0,100.0,,,,,,1,0,,,,,,,1,,,40.0,3.0,,,,,1,0.0,,,1.0,20.0,5.0,3.0,,,,,,,,,,3.0,,,419,,2.0,,4,400.0,400.0,0.0,,,,,,,,6,6.0,,,6.0,,,,6.0,6.0,6.0,1,73.16657854908509
9105003010210014,9,10,50,3,1021,14,1,1,419,1,,6.0,1.5,1.5,2.0,6.0,6.0,6.0,6.0,6.0,6.0,,360.0,44.0,2200.0,12.0,7.0,360.0,44.0,2200.0,12.0,100.0,,,,,,,,,,0,0,0,,,,,,,,,1,0,,,,,,,1,,,36.0,2.0,,,,,1,0.0,,,1.0,12.0,5.0,3.0,,,,,,,,,,4.0,,,419,,2.0,,4,360.0,360.0,0.0,,,,,,,,6,6.0,,,,6.0,,,,6.0,6.0,1,33.3661282238846
9105003011090015,9,10,50,3,1109,15,1,1,419,1,,2.0,1.5,1.5,1.0,13.0,13.0,13.0,13.0,10.0,10.0,6.0,1105.0,44.0,2200.0,12.0,7.0,1105.0,44.0,2200.0,12.0,100.0,,,,,,,,,,0,0,1,13.0,13.0,100.0,,,,,,1,0,,,,,,,1,,,3900.0,2.0,,,,,1,0.0,,,1.0,78.0,5.0,2.0,,,,,,,,,,4.0,,,419,,2.0,,4,1105.0,1105.0,3.0,3.0,,,,,,3.0,2,13.0,,,13.0,,,,13.0,13.0,13.0,1,313.462343783551
9105056000993426,9,10,50,56,99,3426,1,1,419,1,,5.0,1.0,1.0,1.0,10000.0,10000.0,10000.0,10000.0,10000.0,10000.0,,912000.0,44.0,2200.0,12.0,7.0,0.0,,,,,,,,,,,912000.0,,,1,0,1,10000.0,10000.0,,20.0,,80.0,,,1,0,,,,,,,1,3000000.0,2.0,,,,,,,0,0.0,,,0.0,,,,,,,,,,,,,,,,419,,2.0,,4,912000.0,0.0,0.0,,,,,,,,5,10000.0,,,10000.0,,,,10000.0,10000.0,,1,1.0
9105056000993426,9,10,50,56,99,3426,2,2,419,1,,5.0,1.0,1.0,1.0,12000.0,12000.0,12000.0,12000.0,12000.0,12000.0,,957000.0,44.0,2200.0,12.0,7.0,0.0,,,,,,,,,,,957000.0,,,1,0,1,1200.0,1200.0,,20.0,,80.0,,,1,0,,,,,,,1,3600000.0,2.0,,,,,,,0,0.0,,,0.0,,,,,,,,,,,,,,,,419,,2.0,,4,957000.0,0.0,0.0,,,,,,,,5,12000.0,,,12000.0,,,,12000.0,12000.0,,1,1.0
9115002141600001,9,11,50,2,14160,1,1,1,419,1,,5.0,1.5,1.5,1.0,25.0,25.0,25.0,25.0,25.0,25.0,,1750.0,44.0,2200.0,12.0,7.0,1750.0,44.0,2200.0,12.0,100.0,,,,,,,,,,0,0,1,25.0,25.0,100.0,,,,,,1,0,,,,,,,1,,,5.0,3.0,3.0,3.0,3.0,3.0,1,0.0,,,1.0,120.0,5.0,4.0,,,,,,,,,,,,,419,,2.0,,4,1750.0,1750.0,0.0,,,,,,,,5,25.0,,,25.0,,,,25.0,25.0,25.0,1,14.2667523419676
9115102139810001,9,11,51,2,13981,1,3,3,419,1,,5.0,1.5,1.5,1.0,20.0,20.0,20.0,20.0,20.0,20.0,,1400.0,44.0,2200.0,12.0,7.0,1400.0,44.0,2200.0,12.0,100.0,,,,,,,,,,0,0,1,20.0,20.0,100.0,,,,,,1,0,,,,,,,1,,,40.0,3.0,10.0,3.0,10.0,3.0,1,0.0,,,1.0,100.0,5.0,4.0,,,,,,,,,,,,,419,,2.0,,4,1400.0,1400.0,0.0,,,,,,,,5,20.0,,,20.0,,,,20.0,20.0,20.0,1,0.0
9115256000993437,9,11,52,56,99,3437,1,1,419,1,,1.0,1.6,1.6,3.0,1048.92,1048.92,1048.92,1048.92,1048.92,1048.92,,65493.0,44.0,2200.0,12.0,2.0,0.0,,,,,,,,,,,65493.0,,,0,0,1,1048.92,1048.92,30.0,70.0,,,,,1,0,,,,,,,1,,,47568.52,2.0,45554.6,2.0,103392.04,2.0,1,0.0,,,1.0,15733.8,5.0,3.0,,,,,,,,,,,,,419,,2.0,,4,65493.0,0.0,0.0,,,,,,,,1,1048.92,,,,,1048.92,,1048.92,1048.92,1048.92,1,1.0
9115257000992279,9,11,52,57,99,2279,3,3,419,1,,5.0,1.5,1.5,1.0,20.0,20.0,20.0,20.0,20.0,20.0,,1400.0,44.0,2200.0,12.0,7.0,1400.0,44.0,2200.0,12.0,100.0,,,,,,,,,,0,0,1,20.0,20.0,100.0,,,,,,1,0,,,,,,,1,,,40.0,3.0,10.0,3.0,10.0,3.0,1,0.0,,,1.0,100.0,5.0,4.0,,,,,,,,,,,,,419,,2.0,,4,1400.0,1400.0,0.0,,,,,,,,5,20.0,,,20.0,,,,20.0,20.0,20.0,1,1.0
9115257000992279,9,11,52,57,99,2279,15,14,419,1,,5.0,1.5,1.5,1.0,150.0,150.0,150.0,150.0,150.0,150.0,,10500.0,44.0,2200.0,12.0,7.0,10500.0,44.0,2200.0,12.0,100.0,,,,,,,,,,0,0,1,150.0,150.0,100.0,,,,,,1,0,,,,,,,1,,,300.0,3.0,75.0,3.0,75.0,3.0,1,0.0,,,1.0,750.0,5.0,4.0,,,,,,,,,,,,,419,,2.0,,4,10500.0,10500.0,0.0,,,,,,,,5,150.0,,,150.0,,,,150.0,150.0,150.0,1,1.0
9115259000990572,9,11,52,59,99,572,1,1,419,1,,15.0,1.5,1.5,1.0,243.0,243.0,243.0,243.0,243.0,243.0,,14580.0,44.0,2200.0,12.0,2.0,14580.0,44.0,2200.0,12.0,100.0,,,,,,,,,,0,0,1,243.0,243.0,100.0,,,,,,1,0,,,,,,,1,1701.0,3.0,,,,,,,1,0.0,,,1.0,729.0,5.0,3.0,,,,,,,,,,,,,419,,2.0,,4,14580.0,14580.0,0.0,,,,,,,,15,,243.0,,243.0,,,,243.0,243.0,243.0,1,1.0
9115361000992682,9,11,53,61,99,2682,2,1,419,1,,5.0,1.5,1.5,3.0,203.0,203.0,203.0,203.0,203.0,203.0,,14210.0,44.0,2200.0,12.0,2.0,14210.0,44.0,2200.0,12.0,100.0,,,,,,,,,,0,0,1,203.0,203.0,100.0,,,,,,1,0,,,,,,,1,,,609.0,3.0,609.0,3.0,609.0,3.0,1,0.0,,,1.0,203.0,5.0,2.0,,,,,,,,,,,,,419,,2.0,,4,14210.0,14210.0,0.0,,,,,,,,5,203.0,,,,,203.0,,203.0,203.0,203.0,1,1.0
9115402119240001,9,11,54,2,11924,1,1,1,419,1,,4.0,1.6,1.6,3.0,497.0,497.0,497.0,497.0,497.0,497.0,,60039.0,44.0,2200.0,12.0,7.0,0.0,,,,,,,,,,,60039.0,,,0,0,1,497.0,497.0,20.0,80.0,,,,,1,0,,,,,,,1,,,72675.0,2.0,21715.0,2.0,49285.0,2.0,1,0.0,,,1.0,2750.0,5.0,4.0,,,,,,,,,,,,,419,,2.0,,4,60039.0,0.0,0.0,,,,,,,,4,497.0,,,,,497.0,,497.0,497.0,497.0,1,3.0632841745181203
9115402119240001,9,11,54,2,11924,1,3,2,419,1,,1.0,1.6,1.6,3.0,498.44,498.44,498.44,498.44,498.44,498.44,,61000.0,44.0,2200.0,12.0,7.0,0.0,,,,,,,,,,,61000.0,,,0,0,1,498.44,498.44,20.0,80.0,,,,,1,0,,,,,,,1,,,72675.0,2.0,21715.0,2.0,49285.0,2.0,1,0.0,,,1.0,2750.0,5.0,4.0,,,,,,,,,,,,,419,,2.0,,4,61000.0,0.0,0.0,,,,,,,,1,498.44,,,,,498.44,,498.44,498.44,498.44,1,1.44837579492377
9115402120080007,9,11,54,2,12008,7,1,1,419,1,,1.0,1.6,1.6,3.0,900.0,900.0,900.0,900.0,900.0,900.0,,63000.0,44.0,2200.0,12.0,2.0,0.0,,,,,,,,,,,63000.0,,,0,0,1,900.0,900.0,30.0,70.0,,,,,1,0,,,,,,,1,,,130806.0,2.0,39087.0,2.0,88686.0,2.0,1,0.0,,,1.0,4950.0,5.0,3.0,,,,,,,,,,,,,419,,2.0,,4,63000.0,0.0,0.0,,,,,,,,1,900.0,,,,,900.0,,900.0,900.0,900.0,1,0.0
9115402120080007,9,11,54,2,12008,7,2,2,419,1,,1.0,1.6,1.6,3.0,148.92,148.92,148.92,148.92,148.92,148.92,,10424.4,44.0,2200.0,12.0,2.0,0.0,,,,,,,,,,,10424.4,,,0,0,1,148.92,148.92,30.0,70.0,,,,,1,0,,,,,,,1,,,21581.0,2.0,6467.7,2.0,14625.0,2.0,1,0.0,,,1.0,820.0,5.0,3.0,,,,,,,,,,,,,419,,2.0,,4,10424.4,0.0,0.0,,,,,,,,1,148.92,,,,,148.92,,148.92,148.92,148.92,1,0.0
9115402123980001,9,11,54,2,12398,1,1,1,419,1,,1.0,1.6,1.6,3.0,1294.71,1294.71,1294.71,1294.71,1294.71,1294.71,,50700.0,44.0,2200.0,12.0,7.0,0.0,,,,,,,,,,,50700.0,,,0,0,1,1294.71,1294.71,60.0,40.0,,,,,1,0,,,,,,,1,,,188186.0,2.0,56198.0,2.0,127620.0,2.0,1,0.0,,,1.0,1117.0,5.0,3.0,,,,,,,,,,,,,419,,2.0,,4,50700.0,0.0,0.0,,,,,,,,1,1294.71,,,,,1294.71,,1294.71,1294.71,1294.71,1,1.84140882232748
9115402124970002,9,11,54,2,12497,2,1,1,419,1,,8.0,1.5,1.5,2.0,165.0,165.0,165.0,165.0,165.0,165.0,,14850.0,44.0,2200.0,12.0,7.0,14850.0,44.0,2200.0,12.0,100.0,,,,,,,,,,1,0,1,165.0,165.0,100.0,,,,,,1,0,,,,,,,1,2145.0,2.0,1485.0,2.0,1485.0,2.0,,,1,0.0,,,1.0,198.0,5.0,2.0,495.0,5.0,2.0,,,,,,,40.0,,,419,,2.0,,4,14850.0,14850.0,0.0,,,,,,,,8,165.0,,,,165.0,,,165.0,165.0,165.0,1,0.0
9115402130220001,9,11,54,2,13022,1,1,1,419,1,,11.0,1.6,1.6,3.0,500.0,500.0,500.0,500.0,500.0,500.0,,26500.0,44.0,2200.0,12.0,2.0,,,,,,,,,,,,26500.0,,,0,0,1,500.0,500.0,100.0,,,,,,1,0,,,,,,,1,,,72675.0,2.0,21715.0,2.0,49285.0,2.0,1,0.0,,,1.0,10263.0,5.0,3.0,,,,,,,,,,,,,419,,2.0,,4,26500.0,,0.0,,,,,,,,11,,500.0,,,,500.0,,500.0,500.0,500.0,1,3.86451071614623
9115402130220001,9,11,54,2,13022,1,2,2,419,1,,11.0,1.6,1.6,3.0,217.7,217.7,217.7,217.7,217.7,217.7,,11538.0,44.0,2200.0,12.0,2.0,,,,,,,,,,,,11538.0,,,0,0,1,217.7,217.7,100.0,,,,,,1,0,,,,,,,1,,,31642.0,2.0,9454.0,2.0,21458.0,2.0,1,0.0,,,1.0,3113.0,5.0,3.0,,,,,,,,,,,,,419,,2.0,,4,11538.0,,0.0,,,,,,,,11,,217.7,,,,217.7,,217.7,217.7,217.7,1,1.6933233824025198
9115402131830001,9,11,54,2,13183,1,1,1,419,1,,4.0,1.0,1.0,1.0,300.0,300.0,300.0,300.0,300.0,300.0,,47500.0,44.0,2200.0,12.0,7.0,47500.0,44.0,2200.0,12.0,100.0,,,,,,,,,,0,0,1,300.0,300.0,100.0,,,,,,1,0,,,,,,,1,1350.0,3.0,1800.0,3.0,,,1200.0,3.0,1,0.0,,,1.0,2500.0,5.0,2.0,600.0,5.0,2.0,,,,,,,30.0,,,419,,2.0,,4,47500.0,47500.0,0.0,,,,,,,,4,300.0,,,300.0,,,,300.0,300.0,300.0,1,2.58884991543851
9115402131830002,9,11,54,2,13183,2,1,1,419,1,,3.0,1.2,1.2,1.0,183.99,183.99,183.99,183.99,183.99,183.99,,17150.0,44.0,2200.0,12.0,7.0,17150.0,44.0,2200.0,12.0,100.0,,,,,,,,,,0,0,1,183.99,183.99,50.0,,50.0,,,,1,0,,,,,,,1,1212.0,3.0,808.0,3.0,,,,,1,0.0,,,1.0,160.0,5.0,2.0,150.0,5.0,2.0,,,,,,,40.0,,,419,,2.0,,4,17150.0,17150.0,0.0,,,,,,,,3,183.99,,,183.99,,,,183.99,183.99,183.99,1,8.57928018030283
9115402133430005,9,11,54,2,13343,5,1,1,419,1,,11.0,1.6,1.6,3.0,912.94,912.94,912.94,912.94,912.94,912.94,,113145.37,44.0,2200.0,12.0,2.0,,,,,,,,,,,,113145.37,,,0,0,1,912.94,912.94,100.0,,,,,,1,0,,,,,,,1,,,132695.0,2.0,39648.0,2.0,89988.0,2.0,1,0.0,,,1.0,13055.0,5.0,3.0,,,,,,,,,,,,,419,,2.0,,4,113145.37,,0.0,,,,,,,,11,,912.94,,,,912.94,,912.94,912.94,912.94,1,2.39223307534601
9115402134340004,9,11,54,2,13434,4,1,1,419,1,,3.0,1.4,1.4,1.0,25.0,25.0,25.0,25.0,25.0,25.0,,280.0,44.0,2200.0,12.0,1.0,280.0,44.0,2200.0,12.0,100.0,,,,,,,,,,1,1,1,25.0,25.0,100.0,,,,,,1,0,,,,,,,1,300.0,3.0,,,,,,,1,0.0,,,1.0,175.0,5.0,3.0,175.0,5.0,4.0,,,,,,,5.0,,,419,,2.0,,4,280.0,280.0,0.0,,,,,,,,3,25.0,,,25.0,,,,25.0,25.0,25.0,1,16.4577385531227
9115402134340006,9,11,54,2,13434,6,1,1,419,1,,11.0,1.6,1.6,3.0,246.89,246.89,246.89,246.89,246.89,246.89,,19453.86,44.0,2200.0,12.0,2.0,,,,,,,,,,,,19453.86,,,0,0,1,246.89,246.89,100.0,,,,,,1,0,,,,,,,1,,,35855.0,2.0,10648.0,2.0,24335.0,2.0,1,0.0,,,1.0,3530.0,5.0,3.0,,,,,,,,,,,,,419,,2.0,,4,19453.86,,0.0,,,,,,,,11,,246.89,,,,246.89,,246.89,246.89,246.89,1,0.12973631823448
9115402136590001,9,11,54,2,13659,1,1,1,419,1,,15.0,1.6,1.6,3.0,1386.09,1386.09,1386.09,1386.09,1386.09,1386.09,,45128.09,44.0,2200.0,12.0,2.0,,,,,,,,,,,,45128.09,,,0,0,1,1386.09,1386.09,60.0,,40.0,,,,1,0,,,,,,,1,,,201465.0,2.0,60197.0,2.0,136624.0,2.0,1,0.0,,,1.0,19821.0,5.0,3.0,,,,,,,,,,,,,419,,2.0,,4,45128.09,,0.0,,,,,,,,15,,1386.09,,,,1386.09,,1386.09,1386.09,1386.09,1,2.85802476303366
9115404002530004,9,11,54,4,253,4,1,1,419,1,,15.0,1.6,1.6,3.0,1386.09,1386.09,1386.09,1386.09,1386.09,1386.09,,45128.09,44.0,2200.0,12.0,2.0,,,,,,,,,,,,45128.09,,,0,0,1,1386.09,1386.09,60.0,,40.0,,,,1,0,,,,,,,1,,,201468.0,2.0,60197.0,2.0,136624.0,2.0,1,0.0,,,1.0,19821.0,5.0,3.0,,,,,,,,,,,,,419,,2.0,,4,45128.09,,0.0,,,,,,,,15,,1386.09,,,,1386.09,,1386.09,1386.09,1386.09,1,0.0152173245121176
9115451000993403,9,11,54,51,99,3403,1,1,419,1,,4.0,1.5,1.5,2.0,375.0,375.0,375.0,375.0,375.0,375.0,,33750.0,44.0,2200.0,12.0,7.0,33750.0,44.0,2200.0,12.0,100.0,,,,,,,,,,0,0,1,375.0,375.0,100.0,,,,,,1,1,,,11250.0,1.0,1875.0,1.0,1,67500.0,2.0,11250.0,2.0,11250.0,2.0,,,1,0.0,,,1.0,2250.0,5.0,3.0,,,,,,,,,,15.0,,,419,,2.0,,4,33750.0,33750.0,0.0,,,,,,,,4,375.0,,,,375.0,,,375.0,375.0,375.0,1,1.0
9115452000990185,9,11,54,52,99,185,1,1,419,1,,4.0,1.6,1.6,2.0,120.0,120.0,120.0,120.0,120.0,120.0,,6000.0,44.0,2200.0,12.0,7.0,6000.0,44.0,2200.0,12.0,100.0,,,,,,,,,,1,0,1,120.0,120.0,100.0,,,,,,1,0,,,,,,,1,1320.0,2.0,,,6000.0,2.0,6000.0,2.0,1,0.0,,,1.0,720.0,5.0,1.0,240.0,5.0,1.0,,,,,,,10.0,,,419,,2.0,,4,6000.0,6000.0,0.0,,,,,,,,4,120.0,,,,120.0,,,120.0,120.0,120.0,1,1.0
9115456000993425,9,11,54,56,99,3425,1,1,419,1,,6.0,1.6,1.6,2.0,654.0,654.0,654.0,654.0,654.0,654.0,,48396.0,44.0,2200.0,12.0,7.0,48396.0,44.0,2200.0,12.0,100.0,,,,,,,,,,0,0,1,654.0,654.0,,100.0,,,,,1,0,,,,,,,1,39240.0,2.0,26160.0,2.0,,,26160.0,2.0,1,0.0,,,1.0,1962.0,5.0,2.0,327.0,5.0,2.0,,,,,,,14.0,,,419,,2.0,,4,48396.0,48396.0,0.0,,,,,,,,6,654.0,,,,654.0,,,654.0,654.0,654.0,1,1.0
9115456000993430,9,11,54,56,99,3430,1,1,419,1,,3.0,1.5,1.5,2.0,784.0,784.0,784.0,784.0,784.0,784.0,,54880.0,44.0,2200.0,12.0,7.0,54880.0,44.0,2200.0,12.0,100.0,,,,,,,,,,1,0,1,784.0,784.0,100.0,,,,,,1,0,,,,,,,1,70560.0,2.0,23520.0,2.0,23520.0,2.0,,,1,0.0,,,1.0,5096.0,5.0,2.0,2352.0,2.0,1.0,,,,,,,31.0,,,419,,2.0,,4,54880.0,54880.0,0.0,,,,,,,,3,784.0,,,,784.0,,,784.0,784.0,784.0,1,1.0
9115456000993431,9,11,54,56,99,3431,1,1,419,1,,6.0,1.5,1.5,2.0,781.0,781.0,781.0,781.0,781.0,781.0,,54670.0,44.0,2200.0,12.0,7.0,54670.0,44.0,2200.0,12.0,100.0,,,,,,,,,,0,0,1,781.0,781.0,100.0,,,,,,1,0,,,,,,,1,,,54670.0,2.0,85910.0,2.0,54670.0,2.0,1,0.0,,,1.0,4686.0,5.0,3.0,1171.5,5.0,2.0,,,,,,,60.0,,,419,,2.0,,4,54670.0,54670.0,0.0,,,,,,,,6,781.0,,,,781.0,,,781.0,781.0,781.0,1,1.0
9115456000993438,9,11,54,56,99,3438,1,1,419,1,,8.0,1.5,1.5,2.0,28.0,28.0,28.0,28.0,28.0,28.0,,2100.0,44.0,2200.0,12.0,7.0,2100.0,44.0,2200.0,12.0,100.0,,,,,,,,,,0,0,1,28.0,28.0,100.0,,,,,,1,0,,,,,,,1,,,8400.0,2.0,4200.0,2.0,4200.0,2.0,1,0.0,,,1.0,84.0,5.0,2.0,,,,,,,,,,3.0,,,419,,2.0,,4,2100.0,2100.0,0.0,,,,,,,,8,28.0,,,,28.0,,,28.0,28.0,28.0,1,1.0
9115456000993440,9,11,54,56,99,3440,1,1,419,1,,10.0,1.5,1.5,2.0,400.0,400.0,400.0,400.0,400.0,400.0,,30000.0,44.0,2200.0,12.0,7.0,30000.0,44.0,2200.0,12.0,100.0,,,,,,,,,,0,0,1,400.0,400.0,100.0,,,,,,1,0,,,,,,,1,48000.0,2.0,24000.0,2.0,,,24000.0,2.0,1,0.0,,,1.0,2400.0,5.0,2.0,600.0,5.0,3.0,,,,,,,20.0,,,419,,2.0,,4,30000.0,30000.0,0.0,,,,,,,,10,,400.0,,,400.0,,,400.0,400.0,400.0,1,1.0
9115456000993447,9,11,54,56,99,3447,1,1,419,1,,4.0,1.5,1.5,2.0,294.0,294.0,294.0,294.0,294.0,294.0,,20286.0,44.0,2200.0,12.0,7.0,20286.0,44.0,2200.0,12.0,100.0,,,,,,,,,,0,0,1,294.0,294.0,100.0,,,,,,1,0,,,,,,,1,10352.0,2.0,10764.0,2.0,10764.0,2.0,10764.0,2.0,1,0.0,,,1.0,1176.0,5.0,1.0,235.2,5.0,1.0,,,,,,,2.0,,,419,,2.0,,4,20286.0,20286.0,0.0,,,,,,,,4,294.0,,,,294.0,,,294.0,294.0,294.0,1,1.0
9115456000993449,9,11,54,56,99,3449,1,1,419,1,,7.0,1.5,1.5,1.0,250.0,250.0,250.0,250.0,250.0,250.0,,19000.0,44.0,2200.0,12.0,7.0,19000.0,44.0,2200.0,12.0,100.0,,,,,,,,,,0,0,1,250.0,250.0,100.0,,,,,,1,0,,,,,,,1,30000.0,2.0,,,,,,,1,0.0,,,1.0,2000.0,5.0,3.0,750.0,5.0,2.0,,,,,,,4.0,,,419,,2.0,,4,19000.0,19000.0,0.0,,,,,,,,7,250.0,,,250.0,,,,250.0,250.0,250.0,1,1.0
9115456000993457,9,11,54,56,99,3457,1,1,419,1,,6.0,1.5,1.5,2.0,204.56,204.56,204.56,204.56,204.56,204.56,,10228.0,44.0,2200.0,12.0,7.0,10228.0,44.0,2200.0,12.0,100.0,,,,,,,,,,0,0,1,204.56,204.56,100.0,,,,,,1,0,,,,,,,1,24547.0,2.0,8182.0,2.0,8182.0,2.0,,,1,0.0,,,1.0,1920.0,5.0,3.0,962.0,5.0,2.0,,,,,,,,,,419,,2.0,,4,10228.0,10228.0,0.0,,,,,,,,6,204.56,,,,204.56,,,204.56,204.56,204.56,1,1.0
9115456000993458,9,11,54,56,99,3458,1,1,419,1,,2.0,1.6,1.6,2.0,225.0,225.0,225.0,225.0,225.0,225.0,,17550.0,44.0,2200.0,12.0,7.0,17550.0,44.0,2200.0,12.0,100.0,,,,,,,,,,0,0,1,225.0,225.0,100.0,,,,,,1,0,,,,,,,1,13500.0,2.0,1600.0,2.0,1600.0,2.0,1600.0,2.0,1,0.0,,,1.0,281.25,5.0,2.0,270.0,5.0,2.0,,,,,,,6.0,,,419,,2.0,,4,17550.0,17550.0,0.0,,,,,,,,2,225.0,,,,225.0,,,225.0,225.0,225.0,1,1.0
9115456000993463,9,11,54,56,99,3463,1,1,419,1,,8.0,1.5,1.5,2.0,165.0,165.0,165.0,165.0,165.0,165.0,,14850.0,44.0,2200.0,12.0,7.0,14850.0,44.0,2200.0,12.0,100.0,,,,,,,,,,1,0,1,165.0,165.0,100.0,,,,,,1,0,,,,,,,1,2145.0,2.0,1485.0,2.0,1485.0,2.0,,,1,0.0,,,1.0,198.0,5.0,2.0,49.5,5.0,2.0,,,,,,,40.0,,,419,,2.0,,4,14850.0,14850.0,0.0,,,,,,,,8,165.0,,,,165.0,,,165.0,165.0,165.0,1,1.0
9115456000993469,9,11,54,56,99,3469,1,1,419,1,,4.0,1.5,1.5,2.0,224.0,224.0,224.0,224.0,224.0,224.0,,16128.0,44.0,2200.0,12.0,7.0,16128.0,44.0,2200.0,12.0,100.0,,,,,,,,,,1,0,1,224.0,224.0,100.0,,,,,,1,0,,,,,,,1,13440.0,2.0,22400.0,2.0,22400.0,2.0,,,1,0.0,,,1.0,1232.0,5.0,2.0,672.0,5.0,2.0,,,,,,,,,,419,,2.0,,4,16128.0,16128.0,0.0,,,,,,,,4,224.0,,,,224.0,,,224.0,224.0,224.0,1,1.0
9115456000993471,9,11,54,56,99,3471,1,1,419,1,,3.0,1.5,1.5,2.0,120.0,120.0,120.0,120.0,120.0,120.0,,9600.0,44.0,2200.0,12.0,7.0,9600.0,44.0,2200.0,12.0,100.0,,,,,,,,,,0,0,1,120.0,120.0,100.0,,,,,,1,0,,,,,,,1,14400.0,2.0,6000.0,2.0,,,6000.0,2.0,1,0.0,,,1.0,480.0,5.0,2.0,35.0,5.0,2.0,,,,,,,8.0,,,419,,2.0,,4,9600.0,9600.0,0.0,,,,,,,,3,120.0,,,,120.0,,,120.0,120.0,120.0,1,1.0
9115456000993476,9,11,54,56,99,3476,1,1,419,1,,10.0,1.5,1.5,2.0,154.0,154.0,154.0,154.0,154.0,154.0,,12320.0,44.0,2200.0,12.0,7.0,12320.0,44.0,2200.0,12.0,100.0,,,,,,,,,,0,0,1,154.0,154.0,100.0,,,,,,1,0,,,,,,,1,16940.0,2.0,,,,,,,1,0.0,,,1.0,616.0,5.0,2.0,231.0,5.0,2.0,,,,,,,8.0,,,419,,2.0,,4,12320.0,12320.0,0.0,,,,,,,,10,,154.0,,,154.0,,,154.0,154.0,154.0,1,1.0
9115456000993480,9,11,54,56,99,3480,2,2,419,1,,4.0,1.5,1.5,2.0,128.0,128.0,128.0,128.0,128.0,128.0,,10240.0,44.0,2200.0,12.0,7.0,10240.0,44.0,2200.0,12.0,100.0,,,,,,,,,,0,0,1,128.0,128.0,100.0,,,,,,1,0,,,,,,,1,14580.0,2.0,,,,,,,1,0.0,,,1.0,416.0,5.0,3.0,90.0,5.0,3.0,,,,,,,3.0,,,419,,2.0,,4,10240.0,10240.0,0.0,,,,,,,,4,128.0,,,,128.0,,,128.0,128.0,128.0,1,1.0
9125002087370001,9,12,50,2,8737,1,1,1,419,1,,8.0,1.2,1.5,1.0,22.0,22.0,22.0,22.0,22.0,22.0,,1920.0,43.0,2000.0,12.0,7.0,1920.0,43.0,2000.0,12.0,100.0,,,,,,,,,,0,0,0,,,,,,,,,1,0,,,,,,,1,32.0,3.0,32.0,3.0,,,32.0,3.0,1,0.0,,,1.0,48.0,5.0,3.0,96.0,5.0,4.0,,,,,,,40.0,,,419,,2.0,,4,1745.4545454545498,1745.4545454545498,0.0,,,,,,,,8,22.0,,,22.0,,,,,22.0,22.0,1,5.67260194496263
9125002087370002,9,12,50,2,8737,2,1,1,419,1,,14.0,1.2,0.5,1.0,10.0,10.0,10.0,10.0,10.0,10.0,,840.0,43.0,2000.0,12.0,5.0,840.0,43.0,2000.0,12.0,100.0,,,,,,,,,,0,0,0,,,,,,,,,1,0,,,,,,,1,15.0,3.0,15.0,3.0,,,12.0,3.0,1,0.0,,,1.0,24.0,5.0,3.0,36.0,5.0,4.0,,,,,,,,50.0,,419,,2.0,,4,763.636363636364,763.636363636364,0.0,,,,,,,,14,,10.0,,10.0,,,,,10.0,10.0,1,57.396167622613106
9125002087370002,9,12,50,2,8737,2,2,2,419,1,,14.0,1.2,0.5,1.0,4.85,4.85,4.85,4.85,4.85,4.85,,210.0,43.0,2000.0,12.0,5.0,210.0,43.0,2000.0,12.0,100.0,,,,,,,,,,0,0,0,,,,,,,,,1,0,,,,,,,1,4.0,3.0,4.0,3.0,,,3.0,3.0,1,0.0,,,1.0,6.0,5.0,3.0,9.0,5.0,4.0,,,,,,,,,,419,,2.0,,4,190.909090909091,190.909090909091,0.0,,,,,,,,14,,4.85,,4.85,,,,,4.85,4.85,1,49.0111997130711
9125002087370004,9,12,50,2,8737,4,1,1,419,1,,9.0,1.5,1.5,1.0,13.0,13.0,13.0,13.0,13.0,13.0,,1170.0,43.0,2000.0,12.0,5.0,1170.0,43.0,2000.0,12.0,100.0,,,,,,,,,,0,0,0,,,,,,,,,1,0,,,,,,,1,65.0,3.0,65.0,3.0,,,,,1,0.0,,,1.0,52.0,5.0,3.0,13.0,5.0,4.0,,,,,,,50.0,,,419,,2.0,,4,1063.63636363636,1063.63636363636,0.0,,,,,,,,9,13.0,,,13.0,,,,,13.0,13.0,1,3.60002982420788
9125002087370005,9,12,50,2,8737,5,1,1,419,1,,15.0,1.2,1.2,1.0,19.0,19.0,19.0,19.0,19.0,19.0,,1330.0,43.0,2000.0,12.0,5.0,1330.0,43.0,2000.0,12.0,100.0,,,,,,,,,,0,0,0,,,,,,,,,1,0,,,,,,,1,19.0,3.0,19.0,3.0,,,19.0,3.0,1,0.0,,,1.0,28.0,5.0,3.0,,,,,,,,,,30.0,,,419,,2.0,,4,1209.0909090909101,1209.0909090909101,0.0,,,,,,,,15,,19.0,,19.0,,,,,19.0,19.0,1,47.7956040372554
9125002088510002,9,12,50,2,8851,2,2,2,419,1,,5.0,4.0,4.0,1.0,2.5,2.5,2.5,2.5,2.5,2.5,,63.0,43.0,2000.0,12.0,7.0,63.0,43.0,2000.0,12.0,100.0,,,,,,,,,,0,0,0,,,,,,,,,1,0,,,,,,,1,15.0,3.0,,,,,,,1,0.0,,,1.0,16.0,5.0,4.0,16.0,5.0,4.0,,,,,,,10.0,,,419,,2.0,,4,57.2727272727273,57.2727272727273,0.0,,,,,,,,5,2.5,,,2.5,,,,,2.5,2.5,1,18.1259942610708
9125002088510003,9,12,50,2,8851,3,2,2,419,1,,4.0,1.0,1.0,2.0,3.99,3.99,3.99,3.99,3.99,3.99,,240.0,43.0,2000.0,12.0,7.0,240.0,43.0,2000.0,12.0,100.0,,,,,,,,,,0,0,1,3.99,3.99,100.0,,,,,,1,0,,,,,,,1,800.0,2.0,800.0,2.0,,,800.0,2.0,1,0.0,,,1.0,12.0,5.0,4.0,,,,,,,,,,3.0,1.0,,419,,2.0,,4,218.18181818181802,218.18181818181802,0.0,,,,,,,,4,3.99,,,,3.99,,,3.99,3.99,3.99,1,38.561212882723396
9125002088820001,9,12,50,2,8882,1,1,1,419,1,,2.0,1.0,1.0,1.0,4.5,4.5,4.5,4.5,0.0,,6.0,,,,,,,,,,,,,,,,,,,,0,0,0,,,,,,,,,1,0,,,,,,,1,40.0,3.0,,,,,,,1,0.0,,,1.0,3.0,5.0,4.0,,,,,,,,,,1.0,2.0,,419,,2.0,,4,,,4.5,4.5,,,,,,4.5,2,4.5,,,4.5,,,,,4.5,4.5,1,24.6420242242596
9125002088820001,9,12,50,2,8882,1,2,2,419,1,,2.0,1.0,1.0,1.0,3.0,3.0,3.0,3.0,0.0,,6.0,,,,,,,,,,,,,,,,,,,,0,0,0,,,,,,,,,0,0,,,,,,,0,,,,,,,,,0,0.0,,,0.0,,,,,,,,,,,,,,,,419,,2.0,,4,,,3.0,3.0,,,,,,3.0,2,3.0,,,3.0,,,,,,,1,2.6504780206082903
9125002088820001,9,12,50,2,8882,1,3,3,419,1,,2.0,1.0,1.0,1.0,1.0,1.0,1.0,1.0,0.0,,6.0,,,,,,,,,,,,,,,,,,,,0,0,0,,,,,,,,,0,0,,,,,,,0,,,,,,,,,0,0.0,,,0.0,,,,,,,,,,,,,,,,419,,2.0,,4,,,1.0,1.0,,,,,,1.0,2,1.0,,,1.0,,,,,,,1,8.59893202944125
9125002088820001,9,12,50,2,8882,1,4,4,419,1,,8.0,1.0,1.0,1.0,8.99,8.99,8.99,8.99,0.0,,6.0,,,,,,,,,,,,,,,,,,,,0,0,0,,,,,,,,,0,0,,,,,,,0,,,,,,,,,0,0.0,,,0.0,,,,,,,,,,,,,,,,419,,2.0,,4,,,8.99,8.99,,,,,,8.99,8,8.99,,,8.99,,,,,,,1,42.862291754950796
9125002088820002,9,12,50,2,8882,2,2,2,419,1,,4.0,1.5,1.5,1.0,8.0,8.0,8.0,8.0,8.0,8.0,,98.0,43.0,2000.0,12.0,2.0,98.0,43.0,2000.0,12.0,100.0,,,,,,,,,,0,0,0,,,,,,,,,1,0,,,,,,,1,14.0,3.0,,,,,,,1,0.0,,,1.0,16.0,5.0,3.0,,,,,,,,,,1.0,1.0,,419,,2.0,,4,89.0909090909091,89.0909090909091,0.0,,,,,,,,4,8.0,,,8.0,,,,,8.0,8.0,1,17.779062904636604
9125002088820004,9,12,50,2,8882,4,1,1,419,1,,30.0,1.0,1.0,1.0,28.0,28.0,28.0,28.0,28.0,28.0,,3415.0,43.0,2000.0,12.0,7.0,3415.0,43.0,2000.0,12.0,100.0,,,,,,,,,,0,0,1,28.0,28.0,100.0,,,,,,1,0,,,,,,,1,,,200.0,5.0,800.0,5.0,,,1,1.0,100.0,2.0,0.0,,,,,,,,,,,,,10.0,,,419,,2.0,,4,3104.54545454545,3104.54545454545,0.0,,,,,,,,30,,,28.0,28.0,,,,28.0,28.0,28.0,1,12.6200704100364
9125002088820005,9,12,50,2,8882,5,1,1,419,1,,10.0,1.5,1.5,1.0,4.23,4.23,4.23,4.23,4.23,4.23,,80.0,43.0,2000.0,12.0,2.0,80.0,43.0,2000.0,12.0,100.0,,,,,,,,,,0,0,1,4.23,4.23,,100.0,,,,,1,0,,,,,,,1,12.0,3.0,,,,,,,1,0.0,,,1.0,100.0,5.0,4.0,,,,,,,,,,2.0,0.0,,419,,2.0,,4,72.7272727272727,72.7272727272727,0.0,,,,,,,,10,,4.23,,4.23,,,,4.23,4.23,4.23,1,16.434831300094
9125002088820006,9,12,50,2,8882,6,1,1,419,1,,10.0,1.5,1.5,1.0,14.0,14.0,14.0,14.0,14.0,14.0,,290.0,43.0,2000.0,12.0,2.0,290.0,43.0,2000.0,12.0,100.0,,,,,,,,,,0,0,1,14.0,14.0,,100.0,,,,,1,0,,,,,,,1,39.0,3.0,,,,,,,1,0.0,,,1.0,350.0,5.0,4.0,,,,,,,,,,2.0,0.0,,419,,2.0,,4,263.63636363636397,263.63636363636397,0.0,,,,,,,,10,,14.0,,14.0,,,,14.0,14.0,14.0,1,22.0511243315149
9125002088820007,9,12,50,2,8882,7,1,1,419,1,,4.0,1.5,1.5,1.0,8.0,8.0,8.0,8.0,8.0,8.0,,460.0,43.0,2000.0,12.0,2.0,460.0,43.0,2000.0,12.0,100.0,,,,,,,,,,0,0,1,8.0,8.0,,100.0,,,,,1,0,,,,,,,1,,,5.0,3.0,,,,,1,0.0,,,1.0,2.0,5.0,4.0,,,,,,,,,,2.0,0.0,,419,,2.0,,4,418.181818181818,418.181818181818,0.0,,,,,,,,4,8.0,,,8.0,,,,8.0,8.0,8.0,1,21.880426704678893
9125002088820008,9,12,50,2,8882,8,1,1,419,1,,4.0,1.5,1.5,1.0,16.0,16.0,16.0,16.0,16.0,16.0,,1450.0,43.0,2000.0,12.0,7.0,1450.0,43.0,2000.0,12.0,100.0,,,,,,,,,,0,0,1,16.0,16.0,100.0,,,,,,1,0,,,,,,,1,1600.0,2.0,2400.0,2.0,,,1600.0,2.0,1,0.0,,,1.0,48.0,5.0,4.0,,,,,,,,,,2.0,0.0,,419,,2.0,,4,1318.1818181818198,1318.1818181818198,0.0,,,,,,,,4,16.0,,,16.0,,,,16.0,16.0,16.0,1,39.742007896226
9125002090680001,9,12,50,2,9068,1,2,2,419,1,,11.0,0.75,0.75,2.0,1.0,1.0,1.0,1.0,1.0,1.0,,75.0,43.0,2000.0,12.0,7.0,75.0,43.0,2000.0,12.0,100.0,,,,,,,,,,0,0,1,1.0,1.0,,100.0,,,,,1,0,,,,,,,1,100.0,2.0,300.0,2.0,100.0,2.0,,,1,0.0,,,1.0,0.5,5.0,4.0,,,,,,,,,,,,,419,,2.0,,4,68.1818181818182,68.1818181818182,0.0,,,,,,,,11,,1.0,,,1.0,,,1.0,1.0,1.0,1,69.1818408918705
9125002090680002,9,12,50,2,9068,2,1,1,419,1,,5.0,0.75,0.75,2.0,6.0,6.0,6.0,6.0,6.0,6.0,,410.0,43.0,2000.0,12.0,7.0,410.0,43.0,2000.0,12.0,100.0,,,,,,,,,,0,0,1,6.0,6.0,100.0,,,,,,1,0,,,,,,,1,600.0,2.0,1200.0,2.0,600.0,2.0,,,1,0.0,,,1.0,8.0,5.0,4.0,,,,,,,,,,3.0,,,419,,2.0,,4,372.727272727273,372.727272727273,0.0,,,,,,,,5,6.0,,,,6.0,,,6.0,6.0,6.0,1,10.4705999867249
9125002090680003,9,12,50,2,9068,3,1,1,419,1,,15.0,1.5,1.5,2.0,3.51,3.51,3.51,3.51,3.51,3.51,,255.0,43.0,2000.0,12.0,7.0,255.0,43.0,2000.0,12.0,100.0,,,,,,,,,,0,0,1,3.51,3.51,100.0,,,,,,1,0,,,,,,,1,900.0,2.0,,,,,,,1,0.0,,,1.0,8.0,5.0,4.0,,,,,,,,,,,2.0,,419,,2.0,,4,231.81818181818198,231.81818181818198,0.0,,,,,,,,15,,3.51,,,3.51,,,3.51,3.51,3.51,1,20.4055183975667
9125002090680004,9,12,50,2,9068,4,1,1,419,1,,4.0,0.75,0.75,2.0,2.5,2.5,2.5,2.5,2.5,2.5,,182.0,43.0,2000.0,12.0,7.0,182.0,43.0,2000.0,12.0,100.0,,,,,,,,,,0,0,1,2.5,2.5,100.0,,,,,,1,0,,,,,,,1,100.0,2.0,200.0,2.0,100.0,2.0,100.0,2.0,1,0.0,,,1.0,3.0,5.0,4.0,,,,,,,,,,2.0,,,419,,2.0,,4,165.454545454545,165.454545454545,0.0,,,,,,,,4,2.5,,,,2.5,,,2.5,2.5,2.5,1,37.4122124597495
9125002090680006,9,12,50,2,9068,6,1,1,419,1,,8.0,1.5,1.5,2.0,10.0,10.0,10.0,10.0,10.0,10.0,,720.0,43.0,2000.0,12.0,7.0,720.0,43.0,2000.0,12.0,100.0,,,,,,,,,,0,0,1,10.0,10.0,100.0,,,,,,1,0,,,,,,,1,1000.0,2.0,2000.0,2.0,1000.0,2.0,,,1,0.0,,,1.0,60.0,5.0,4.0,40.0,5.0,4.0,,,,,,,10.0,,,419,,2.0,,4,654.5454545454551,654.5454545454551,0.0,,,,,,,,8,10.0,,,,10.0,,,10.0,10.0,10.0,1,38.562009189341296
9125002090680007,9,12,50,2,9068,7,1,1,419,1,,4.0,0.75,0.75,2.0,9.0,9.0,9.0,9.0,9.0,9.0,,850.0,43.0,2000.0,12.0,7.0,850.0,43.0,2000.0,12.0,100.0,,,,,,,,,,0,0,1,9.0,9.0,100.0,,,,,,1,0,,,,,,,1,1350.0,2.0,1800.0,2.0,,,900.0,2.0,1,0.0,,,1.0,50.0,5.0,4.0,,,,,,,,,,5.0,,,419,,2.0,,4,772.727272727273,772.727272727273,0.0,,,,,,,,4,9.0,,,,9.0,,,9.0,9.0,9.0,1,70.6490933080199
9125002090680008,9,12,50,2,9068,8,1,1,419,1,,4.0,1.0,1.0,2.0,9.73,9.73,9.73,9.73,9.73,9.73,,885.0,43.0,2000.0,12.0,7.0,885.0,43.0,2000.0,12.0,100.0,,,,,,,,,,0,0,1,9.73,9.73,100.0,,,,,,1,0,,,,,,,1,2400.0,2.0,2150.0,2.0,,,2200.0,2.0,1,0.0,,,1.0,31.5,5.0,4.0,,,,,,,,,,3.0,,,419,,2.0,,4,804.5454545454552,804.5454545454552,0.0,,,,,,,,4,9.73,,,,9.73,,,9.73,9.73,9.73,1,1.41822549948233
9125002091730001,9,12,50,2,9173,1,1,1,419,1,,3.0,1.9,1.9,2.0,20.0,20.0,20.0,20.0,20.0,20.0,,1380.0,44.0,2200.0,12.0,7.0,,,,,,,,,,,,1380.0,,,0,0,1,20.0,20.0,100.0,,,,,,1,0,,,,,,,1,7040.0,2.0,,,,,,,1,0.0,,,1.0,260.0,5.0,3.0,1.0,5.0,2.0,8.35,5.0,5.0,,,,,,,419,,2.0,,4,1380.0,,0.0,,,,,,,,3,20.0,,,,20.0,,,20.0,20.0,20.0,1,0.0
9125002091730001,9,12,50,2,9173,1,2,2,419,1,,3.0,1.9,1.9,2.0,5.0,5.0,5.0,5.0,5.0,5.0,,345.0,44.0,2200.0,12.0,7.0,,,,,,,,,,,,345.0,,,0,0,1,5.0,5.0,100.0,,,,,,1,0,,,,,,,1,1760.0,2.0,,,,,,,1,0.0,,,1.0,65.0,5.0,3.0,0.25,5.0,3.0,3.6,5.0,5.0,,,,,,,419,,2.0,,4,345.0,,0.0,,,,,,,,3,5.0,,,,5.0,,,5.0,5.0,5.0,1,0.0
9125002091730001,9,12,50,2,9173,1,3,3,419,1,,3.0,1.9,1.9,2.0,12.0,12.0,12.0,12.0,12.0,12.0,,828.0,44.0,2200.0,12.0,7.0,,,,,,,,,,,,828.0,,,0,0,1,12.0,12.0,100.0,,,,,,1,0,,,,,,,1,4224.0,2.0,,,,,,,1,0.0,,,1.0,156.0,5.0,3.0,0.6,5.0,3.0,6.08,5.0,5.0,,,,,,,419,,2.0,,4,828.0,,0.0,,,,,,,,3,12.0,,,,12.0,,,12.0,12.0,12.0,1,0.0
9125002091730001,9,12,50,2,9173,1,4,4,419,1,,3.0,1.9,1.9,2.0,18.0,18.0,18.0,18.0,18.0,18.0,,1242.0,44.0,2200.0,12.0,7.0,,,,,,,,,,,,1242.0,,,0,0,1,18.0,18.0,100.0,,,,,,1,0,,,,,,,1,6336.0,2.0,,,,,,,1,0.0,,,1.0,234.0,5.0,3.0,0.9,5.0,3.0,7.35,5.0,5.0,,,,,,,419,,2.0,,4,1242.0,,0.0,,,,,,,,3,18.0,,,,18.0,,,18.0,18.0,18.0,1,0.0
9125002091730001,9,12,50,2,9173,1,5,5,419,1,,1.0,1.9,1.9,2.0,15.0,15.0,15.0,15.0,15.0,15.0,,1035.0,44.0,2200.0,12.0,7.0,,,,,,,,,,,,1035.0,,,0,0,1,15.0,15.0,100.0,,,,,,1,0,,,,,,,1,5280.0,2.0,,,,,,,1,0.0,,,1.0,195.0,5.0,3.0,0.75,5.0,3.0,6.88,5.0,5.0,,,,,,,419,,2.0,,4,1035.0,,0.0,,,,,,,,1,15.0,,,,15.0,,,15.0,15.0,15.0,1,0.0
9125002091730001,9,12,50,2,9173,1,6,6,419,1,,3.0,1.9,1.9,2.0,12.0,12.0,12.0,12.0,12.0,12.0,,828.0,44.0,2200.0,12.0,7.0,,,,,,,,,,,,828.0,,,0,0,1,12.0,12.0,100.0,,,,,,1,0,,,,,,,1,4224.0,2.0,,,,,,,1,0.0,,,1.0,156.0,5.0,3.0,0.6,5.0,3.0,7.26,5.0,5.0,,,,,,,419,,2.0,,4,828.0,,0.0,,,,,,,,3,12.0,,,,12.0,,,12.0,12.0,12.0,1,0.0
9125002097140001,9,12,50,2,9714,1,1,1,419,1,,3.0,1.9,1.9,2.0,30.0,30.0,30.0,30.0,30.0,30.0,,2070.0,44.0,2200.0,12.0,7.0,,,,,,,,,,,,2070.0,,,0,0,1,30.0,30.0,100.0,,,,,,1,0,,,,,,,1,10560.0,2.0,,,,,,,1,0.0,,,1.0,390.0,5.0,3.0,30.0,5.0,3.0,5.0,5.0,5.0,,,,,,,419,,2.0,,4,2070.0,,0.0,,,,,,,,3,30.0,,,,30.0,,,30.0,30.0,30.0,1,0.0
9125002097140001,9,12,50,2,9714,1,2,2,419,1,,3.0,1.9,1.9,2.0,20.0,20.0,20.0,20.0,20.0,20.0,,1380.0,44.0,2200.0,12.0,7.0,,,,,,,,,,,,1380.0,,,0,0,1,20.0,20.0,100.0,,,,,,1,0,,,,,,,1,7040.0,2.0,,,,,,,1,0.0,,,1.0,260.0,5.0,3.0,20.0,5.0,3.0,5.0,5.0,5.0,,,,,,,419,,2.0,,4,1380.0,,0.0,,,,,,,,3,20.0,,,,20.0,,,20.0,20.0,20.0,1,0.0
9125002097140001,9,12,50,2,9714,1,3,3,419,1,,3.0,1.9,1.9,2.0,20.0,20.0,20.0,20.0,20.0,20.0,,1380.0,44.0,2200.0,12.0,7.0,,,,,,,,,,,,1380.0,,,0,0,1,20.0,20.0,100.0,,,,,,1,0,,,,,,,1,7040.0,2.0,,,,,,,1,0.0,,,1.0,260.0,5.0,3.0,20.0,5.0,3.0,5.0,5.0,5.0,,,,,,,419,,2.0,,4,1380.0,,0.0,,,,,,,,3,20.0,,,,20.0,,,20.0,20.0,20.0,1,0.0
9125002097140001,9,12,50,2,9714,1,4,4,419,1,,3.0,1.9,1.9,2.0,20.0,20.0,20.0,20.0,20.0,20.0,,1380.0,44.0,2200.0,12.0,7.0,,,,,,,,,,,,1380.0,,,0,0,1,20.0,20.0,100.0,,,,,,1,0,,,,,,,1,7040.0,2.0,,,,,,,1,0.0,,,1.0,260.0,5.0,3.0,20.0,5.0,3.0,5.0,5.0,5.0,,,,,,,419,,2.0,,4,1380.0,,0.0,,,,,,,,3,20.0,,,,20.0,,,20.0,20.0,20.0,1,0.0
9125002098270001,9,12,50,2,9827,1,1,1,419,1,,3.0,1.9,1.9,2.0,20.0,20.0,20.0,20.0,20.0,20.0,,1380.0,43.0,2000.0,12.0,7.0,,,,,,,,,,,,1380.0,,,0,0,1,20.0,20.0,100.0,,,,,,1,0,,,,,,,1,7040.0,2.0,,,,,,,1,0.0,,,1.0,260.0,5.0,3.0,20.0,5.0,3.0,5.0,5.0,5.0,,,,,,,419,,2.0,,4,1254.54545454545,,0.0,,,,,,,,3,20.0,,,,20.0,,,20.0,20.0,20.0,1,0.0
9125002098270001,9,12,50,2,9827,1,2,2,419,1,,3.0,1.9,1.9,2.0,10.0,10.0,10.0,10.0,10.0,10.0,,690.0,43.0,2000.0,12.0,7.0,,,,,,,,,,,,690.0,,,0,0,1,10.0,10.0,100.0,,,,,,1,0,,,,,,,1,3520.0,2.0,,,,,,,1,0.0,,,1.0,130.0,5.0,3.0,10.0,5.0,3.0,2.5,5.0,5.0,,,,,,,419,,2.0,,4,627.272727272727,,0.0,,,,,,,,3,10.0,,,,10.0,,,10.0,10.0,10.0,1,0.0
9125002098270001,9,12,50,2,9827,1,3,3,419,1,,3.0,1.9,1.9,2.0,10.0,10.0,10.0,10.0,10.0,10.0,,690.0,43.0,2000.0,12.0,7.0,,,,,,,,,,,,690.0,,,0,0,1,10.0,10.0,100.0,,,,,,1,0,,,,,,,1,3520.0,2.0,,,,,,,1,0.0,,,1.0,130.0,5.0,3.0,10.0,5.0,3.0,2.5,5.0,5.0,,,,,,,419,,2.0,,4,627.272727272727,,0.0,,,,,,,,3,10.0,,,,10.0,,,10.0,10.0,10.0,1,0.0
9125002098270001,9,12,50,2,9827,1,4,4,419,1,,3.0,1.9,1.9,2.0,40.0,40.0,40.0,40.0,40.0,40.0,,2760.0,43.0,2000.0,12.0,7.0,,,,,,,,,,,,2760.0,,,0,0,1,40.0,40.0,100.0,,,,,,1,0,,,,,,,1,14080.0,2.0,,,,,,,1,0.0,,,1.0,520.0,5.0,3.0,40.0,5.0,3.0,10.0,5.0,5.0,,,,,,,419,,2.0,,4,2509.09090909091,,0.0,,,,,,,,3,40.0,,,,40.0,,,40.0,40.0,40.0,1,0.0
9125002098270001,9,12,50,2,9827,1,5,5,419,1,,3.0,1.9,1.9,2.0,10.0,10.0,10.0,10.0,10.0,10.0,,690.0,43.0,2000.0,12.0,7.0,,,,,,,,,,,,690.0,,,0,0,1,10.0,10.0,100.0,,,,,,1,0,,,,,,,1,3520.0,2.0,,,,,,,1,0.0,,,1.0,130.0,5.0,3.0,10.0,5.0,3.0,5.0,5.0,5.0,,,,,,,419,,2.0,,4,627.272727272727,,0.0,,,,,,,,3,10.0,,,,10.0,,,10.0,10.0,10.0,1,0.0
9125056000993454,9,12,50,56,99,3454,1,1,419,1,,1.0,3.0,1.5,1.0,95.5,95.5,95.5,95.5,95.5,95.5,,7640.0,44.0,2200.0,12.0,7.0,7640.0,44.0,2200.0,12.0,100.0,,,,,,,,,,0,0,1,95.5,95.5,100.0,,,,,,1,0,,,,,,,1,57300.0,2.0,,,,,,,1,0.0,,,1.0,573.0,5.0,2.0,,,,,,,,,,,,,419,,2.0,,4,7640.0,7640.0,0.0,,,,,,,,1,95.5,,,95.5,,,,95.5,95.5,95.5,1,1.0
9125056000993455,9,12,50,56,99,3455,1,1,419,1,,10.0,1.5,1.5,1.0,65.0,65.0,65.0,65.0,65.0,65.0,,6175.0,44.0,2200.0,12.0,7.0,6175.0,44.0,2200.0,12.0,100.0,,,,,,,,,,0,0,1,65.0,65.0,100.0,,,,,,1,0,,,,,,,1,45500.0,2.0,,,,,,,1,0.0,,,1.0,1267.5,5.0,2.0,,,,,,,,,,,,,419,,2.0,,4,6175.0,6175.0,0.0,,,,,,,,10,,65.0,,65.0,,,,65.0,65.0,65.0,1,1.0
9125056000993472,9,12,50,56,99,3472,1,1,419,1,,5.0,1.0,1.0,2.0,43.0,43.0,43.0,43.0,43.0,43.0,,1290.0,44.0,2200.0,12.0,5.0,1290.0,44.0,2200.0,12.0,100.0,,,,,,,,,,0,0,1,43.0,43.0,100.0,,,,,,1,0,,,,,,,1,10750.0,2.0,,,,,,,1,0.0,,,1.0,516.0,5.0,3.0,,,,,,,,,,,,,419,,2.0,,4,1290.0,1290.0,0.0,,,,,,,,5,43.0,,,,43.0,,,43.0,43.0,43.0,1,1.0
9125056000993478,9,12,50,56,99,3478,1,1,419,1,,4.0,1.5,1.5,2.0,140.0,140.0,140.0,140.0,140.0,140.0,,15400.0,44.0,2200.0,12.0,7.0,15400.0,44.0,2200.0,12.0,100.0,,,,,,,,,,1,0,1,140.0,140.0,100.0,,,,,,1,0,,,,,,,1,5000.0,2.0,42000.0,2.0,,,49000.0,2.0,1,0.0,,,1.0,1960.0,5.0,3.0,,,,,,,,,,,,,419,,2.0,,4,15400.0,15400.0,0.0,,,,,,,,4,140.0,,,,140.0,,,140.0,140.0,140.0,1,1.0
9205002091330008,9,20,50,2,9133,8,1,1,419,1,,2.0,4.3,4.3,2.0,12144.0,12144.0,12144.0,12144.0,12144.0,12144.0,,176005.0,44.0,2200.0,12.0,7.0,176005.0,44.0,2200.0,12.0,50.0,50.0,,,,,,,,,0,0,1,12144.0,12144.0,,,100.0,,,,1,0,,,,,,,1,1500.0,3.0,3000.0,3.0,,,,,1,0.0,,,1.0,12000.0,5.0,3.0,10000.0,5.0,1.0,,,,,,,70.0,,,419,,2.0,,4,176005.0,176005.0,0.0,,,,,,,,2,12144.0,,,,12144.0,,,12144.0,12144.0,12144.0,1,0.13979873877023902
9205302107670001,9,20,53,2,10767,1,1,1,419,1,,10.0,1.0,1.0,1.0,161.5,161.5,161.5,161.5,161.5,161.5,,12877.5,43.0,2000.0,12.0,7.0,12877.5,43.0,2000.0,12.0,100.0,,,,,,,,,,0,0,1,151.5,151.5,100.0,,,,,,1,0,,,,,,,1,1515.0,3.0,,,,,,,1,0.0,,,1.0,151.5,5.0,2.0,151.5,5.0,2.0,151.5,5.0,2.0,,,,20.0,1.0,,419,,2.0,,4,11706.8181818182,11706.8181818182,0.0,,,,,,,,10,,161.5,,161.5,,,,161.5,161.5,161.5,1,0.0
9205302112240001,9,20,53,2,11224,1,1,1,419,1,,20.0,1.5,1.5,2.0,550.0,550.0,550.0,550.0,550.0,550.0,,52250.0,43.0,2000.0,12.0,7.0,52250.0,43.0,2000.0,12.0,100.0,,,,,,,,,,0,0,1,550.0,550.0,100.0,,,,,,1,0,,,,,,,1,,,275000.0,2.0,,,,,1,0.0,,,1.0,3850.0,5.0,1.0,,,,,,,,,,,,,419,,2.0,,4,47500.0,47500.0,0.0,,,,,,,,20,,,550.0,,550.0,,,550.0,550.0,550.0,1,2.3793060651286297
9205302114580001,9,20,53,2,11458,1,1,1,419,1,,20.0,1.5,1.5,2.0,550.0,550.0,550.0,550.0,550.0,550.0,,52125.0,43.0,2000.0,12.0,7.0,52125.0,43.0,2000.0,12.0,100.0,,,,,,,,,,0,0,1,550.0,550.0,100.0,,,,,,1,0,,,,,,,1,,,275000.0,2.0,,,,,1,0.0,,,1.0,3850.0,5.0,1.0,,,,,,,,,,,,,419,,2.0,,4,47386.3636363636,47386.3636363636,0.0,,,,,,,,20,,,550.0,,550.0,,,550.0,550.0,550.0,1,3.19496067377022
9205302114580002,9,20,53,2,11458,2,1,1,419,1,,4.0,1.6,1.6,3.0,497.0,497.0,497.0,497.0,497.0,497.0,,60019.0,44.0,2200.0,12.0,7.0,60019.0,44.0,2200.0,12.0,100.0,,,,,,,,,,0,0,1,497.0,497.0,20.0,80.0,,,,,1,0,,,,,,,1,,,72675.0,2.0,21715.0,2.0,49285.0,2.0,1,0.0,,,1.0,2750.0,5.0,4.0,,,,,,,,,,,,,419,,2.0,,4,60019.0,60019.0,0.0,,,,,,,,4,497.0,,,,,497.0,,497.0,497.0,497.0,1,1.1676732981288502
9205502091660001,9,20,55,2,9166,1,1,1,419,1,,4.0,1.2,1.2,1.0,42.0,42.0,42.0,42.0,42.0,42.0,,2800.0,44.0,2200.0,12.0,1.0,2800.0,44.0,2200.0,12.0,100.0,,,,,,,,,,0,0,1,42.0,42.0,100.0,,,,,,1,0,,,,,,,1,504.0,3.0,50.0,3.0,,,15.0,3.0,1,0.0,,,1.0,40.0,5.0,3.0,,,,,,,,,,13.0,,,419,,2.0,,4,2800.0,2800.0,0.0,,,,,,,,4,42.0,,,42.0,,,,42.0,42.0,42.0,1,30.5687021302981
9205502091660002,9,20,55,2,9166,2,1,1,419,1,,6.0,1.2,1.0,1.0,137.0,137.0,137.0,137.0,137.0,137.0,,16440.0,44.0,2200.0,12.0,2.0,16440.0,44.0,2200.0,12.0,100.0,,,,,,,,,,0,0,1,137.0,137.0,100.0,,,,,,1,1,176.0,3.0,,,,,1,1218.0,3.0,406.0,3.0,,,140.0,3.0,1,0.0,,,1.0,1421.0,5.0,2.0,,,,100.0,5.0,3.0,,,,40.0,,,419,,2.0,,4,16440.0,16440.0,0.0,,,,,,,,6,137.0,,,137.0,,,,137.0,137.0,137.0,1,2.28904175320457
9205656000993436,9,20,56,56,99,3436,1,1,419,1,,10.0,1.0,1.0,1.0,161.5,161.5,161.5,161.5,161.5,161.5,,12877.5,44.0,2200.0,12.0,7.0,12877.5,44.0,2200.0,12.0,100.0,,,,,,,,,,0,0,1,161.5,161.5,100.0,,,,,,1,0,,,,,,,1,1515.0,3.0,,,,,,,1,0.0,,,1.0,151.5,5.0,2.0,151.5,5.0,2.0,151.5,5.0,2.0,,,,20.0,1.0,,419,,2.0,,4,12877.5,12877.5,0.0,,,,,,,,10,,161.5,,161.5,,,,161.5,161.5,161.5,1,1.0
9225103009760002,9,22,51,3,976,2,1,1,419,1,,3.0,1.0,1.0,2.0,4.0,4.0,4.0,4.0,4.0,4.0,,320.0,43.0,2000.0,12.0,5.0,320.0,43.0,2000.0,12.0,100.0,,,,,,,,,,0,0,0,,,,,,,,,1,0,,,,,,,1,200.0,2.0,200.0,2.0,,,,,1,0.0,,,1.0,100.0,5.0,3.0,,,,,,,,,,10.0,,,419,,2.0,,4,290.909090909091,290.909090909091,0.0,,,,,,,,3,4.0,,,,4.0,,,,4.0,4.0,1,57.248321336663
9225103009760002,9,22,51,3,976,2,2,2,419,1,,3.0,1.0,1.0,2.0,3.0,3.0,3.0,3.0,3.0,3.0,,240.0,43.0,2000.0,12.0,5.0,240.0,43.0,2000.0,12.0,100.0,,,,,,,,,,0,0,0,,,,,,,,,1,0,,,,,,,1,150.0,2.0,150.0,2.0,,,,,1,0.0,,,1.0,70.0,5.0,3.0,,,,,,,,,,,,,419,,2.0,,4,218.18181818181802,218.18181818181802,0.0,,,,,,,,3,3.0,,,,3.0,,,,3.0,3.0,1,51.38070832109511
9225103009760002,9,22,51,3,976,2,6,5,419,1,,3.0,1.0,1.0,2.0,11.0,11.0,11.0,11.0,11.0,11.0,,880.0,43.0,2000.0,12.0,5.0,880.0,43.0,2000.0,12.0,100.0,,,,,,,,,,0,0,0,,,,,,,,,1,0,,,,,,,1,550.0,2.0,550.0,2.0,,,,,1,0.0,,,1.0,218.0,5.0,3.0,,,,,,,,,,,,,419,,2.0,,4,800.0,800.0,0.0,,,,,,,,3,11.0,,,,11.0,,,,11.0,11.0,1,67.329345278582
9225103009760010,9,22,51,3,976,10,1,1,419,1,,4.0,1.5,1.5,1.0,1.0,1.0,1.0,1.0,1.0,1.0,,92.0,43.0,2000.0,12.0,1.0,92.0,43.0,2000.0,12.0,100.0,,,,,,,,,,0,0,0,,,,,,,,,0,0,,,,,,,0,,,,,,,,,1,0.0,,,1.0,1.25,5.0,4.0,,,,,,,,,,1.0,1.0,,419,,2.0,,4,83.6363636363636,83.6363636363636,0.0,,,,,,,,4,1.0,,,1.0,,,,,,1.0,1,3.84983473122345
9225103009760013,9,22,51,3,976,13,1,1,419,1,,4.0,0.75,0.75,2.0,38.0,38.0,38.0,38.0,38.0,38.0,,3496.0,43.0,2000.0,12.0,7.0,3496.0,43.0,2000.0,12.0,100.0,,,,,,,,,,0,0,0,,,,,,,,,1,0,,,,,,,1,9500.0,2.0,11400.0,2.0,,,5700.0,2.0,1,0.0,,,1.0,110.0,5.0,4.0,,,,,,,,,,5.0,,,419,,2.0,,4,3178.1818181818207,3178.1818181818207,0.0,,,,,,,,4,38.0,,,,38.0,,,,38.0,38.0,1,56.464627889828385
9225156000993452,9,22,51,56,99,3452,1,1,419,1,,4.0,1.5,1.5,2.0,265.2,265.2,265.2,265.2,265.2,265.2,,23337.6,44.0,2200.0,12.0,2.0,23337.6,44.0,2200.0,12.0,100.0,,,,,,,,,,1,0,1,265.2,265.2,100.0,,,,,,1,0,,,,,,,1,26500.0,2.0,50500.0,2.0,,,92750.0,2.0,1,0.0,,,1.0,3975.0,5.0,3.0,,,,,,,,,,,,,419,,2.0,,4,23337.6,23337.6,0.0,,,,,,,,4,265.2,,,,265.2,,,265.2,265.2,265.2,1,1.0
9225156000993460,9,22,51,56,99,3460,1,1,419,1,,20.0,1.5,1.5,1.0,200.0,200.0,200.0,200.0,200.0,200.0,,13000.0,44.0,2200.0,12.0,7.0,13000.0,44.0,2200.0,12.0,100.0,,,,,,,,,,0,0,1,200.0,200.0,100.0,,,,,,1,0,,,,,,,1,120000.0,2.0,,,,,,,1,0.0,,,1.0,1000.0,5.0,2.0,,,,3000.0,5.0,2.0,,,,,,,419,,2.0,,4,13000.0,13000.0,0.0,,,,,,,,20,,,200.0,200.0,,,,200.0,200.0,200.0,1,1.0
9235002095740003,9,23,50,2,9574,3,1,1,419,1,,4.0,0.75,0.75,2.0,50.0,50.0,50.0,50.0,50.0,50.0,,4550.0,43.0,2000.0,12.0,7.0,4550.0,43.0,2000.0,12.0,100.0,,,,,,,,,,0,0,1,50.0,50.0,100.0,,,,,,1,0,,,,,,,1,7500.0,2.0,5000.0,2.0,,,,,1,0.0,,,1.0,25.0,5.0,4.0,,,,,,,,,,3.0,,,419,,2.0,,4,4136.363636363641,4136.363636363641,0.0,,,,,,,,4,50.0,,,,50.0,,,50.0,50.0,50.0,1,27.9344870618288
9235002095740003,9,23,50,2,9574,3,2,2,419,1,,4.0,0.75,0.75,2.0,20.0,20.0,20.0,20.0,20.0,20.0,,1820.0,43.0,2000.0,12.0,7.0,1820.0,43.0,2000.0,12.0,100.0,,,,,,,,,,0,0,1,20.0,20.0,100.0,,,,,,1,0,,,,,,,1,3000.0,2.0,2000.0,2.0,,,,,1,0.0,,,1.0,10.0,5.0,4.0,,,,,,,,,,,,,419,,2.0,,4,1654.5454545454502,1654.5454545454502,0.0,,,,,,,,4,20.0,,,,20.0,,,20.0,20.0,20.0,1,1.02594491248425
9235002097750008,9,23,50,2,9775,8,1,1,419,1,,3.0,1.9,1.9,2.0,19332.0,19332.0,19332.0,19332.0,19332.0,19332.0,,1325495.0,44.0,2200.0,12.0,7.0,,,,,,,,,,,,1325495.0,,,0,0,1,19332.0,19332.0,100.0,,,,,,1,0,,,,,,,1,6800000.0,2.0,,,,,,,1,0.0,,,1.0,250000.0,5.0,3.0,1000.0,5.0,3.0,60.0,5.0,5.0,,,,,,,419,,2.0,,4,1325495.0,,0.0,,,,,,,,3,19332.0,,,,19332.0,,,19332.0,19332.0,19332.0,1,0.0
9235002102480001,9,23,50,2,10248,1,1,1,419,1,,3.0,1.9,1.9,2.0,30.0,30.0,30.0,30.0,30.0,30.0,,2070.0,44.0,2200.0,12.0,7.0,,,,,,,,,,,,2070.0,,,0,0,1,30.0,30.0,100.0,,,,,,1,0,,,,,,,1,10560.0,2.0,,,,,,,1,0.0,,,1.0,390.0,5.0,3.0,30.0,5.0,3.0,5.0,5.0,5.0,,,,,,,419,,2.0,,4,2070.0,,0.0,,,,,,,,3,30.0,,,,30.0,,,30.0,30.0,30.0,1,0.0
9235002102480001,9,23,50,2,10248,1,2,2,419,1,,3.0,1.9,1.9,2.0,20.0,20.0,20.0,20.0,20.0,20.0,,1380.0,44.0,2200.0,12.0,7.0,,,,,,,,,,,,1380.0,,,0,0,1,20.0,20.0,100.0,,,,,,1,0,,,,,,,1,7040.0,2.0,,,,,,,1,0.0,,,1.0,260.0,5.0,3.0,20.0,5.0,3.0,5.0,5.0,5.0,,,,,,,419,,2.0,,4,1380.0,,0.0,,,,,,,,3,20.0,,,,20.0,,,20.0,20.0,20.0,1,0.0
9235002102480001,9,23,50,2,10248,1,3,3,419,1,,3.0,1.9,1.9,2.0,20.0,20.0,20.0,20.0,20.0,20.0,,1380.0,43.0,2000.0,12.0,7.0,0.0,,,,,,,,,,,1380.0,,,0,0,1,20.0,20.0,100.0,,,,,,1,0,,,,,,,1,7040.0,2.0,,,,,,,1,0.0,,,1.0,260.0,5.0,3.0,20.0,5.0,3.0,5.0,5.0,5.0,,,,,,,419,,2.0,,4,1254.54545454545,0.0,0.0,,,,,,,,3,20.0,,,,20.0,,,20.0,20.0,20.0,1,0.0
9235002102480001,9,23,50,2,10248,1,4,4,419,1,,3.0,1.9,1.9,2.0,20.0,20.0,20.0,20.0,20.0,20.0,,1380.0,43.0,2000.0,12.0,7.0,,,,,,,,,,,,1380.0,,,0,0,1,20.0,20.0,100.0,,,,,,1,0,,,,,,,1,7040.0,2.0,,,,,,,1,0.0,,,1.0,260.0,5.0,3.0,20.0,5.0,3.0,5.0,5.0,5.0,,,,,,,419,,2.0,,4,1254.54545454545,,0.0,,,,,,,,3,20.0,,,,20.0,,,20.0,20.0,20.0,1,0.0
9235052000990274,9,23,50,52,99,274,3,2,419,1,,6.0,1.5,1.5,1.0,210.13,210.13,210.13,210.13,210.13,210.13,,13650.0,44.0,2200.0,12.0,1.0,13650.0,44.0,2200.0,12.0,100.0,,,,,,,,,,0,0,1,210.13,210.13,100.0,,,,,,1,0,,,,,,,1,126000.0,2.0,,,,,,,1,0.0,,,1.0,2730.0,5.0,2.0,,,,,,,,,,,,,419,,2.0,,4,13650.0,13650.0,0.0,,,,,,,,6,210.13,,,210.13,,,,210.13,210.13,210.13,1,1.0
9235056000993424,9,23,50,56,99,3424,1,1,419,1,,3.0,1.9,1.9,2.0,19332.0,19332.0,19332.0,19332.0,19332.0,19332.0,,1325495.0,43.0,2000.0,12.0,7.0,,,,,,,,,,,,1325495.0,,,0,0,1,19332.0,19332.0,100.0,,,,,,1,0,,,,,,,1,6800000.0,2.0,,,,,,,1,0.0,,,1.0,250000.0,5.0,3.0,1000.0,5.0,3.0,60.0,5.0,3.0,,,,,,,419,,2.0,,4,1204995.45454545,,0.0,,,,,,,,3,19332.0,,,,19332.0,,,19332.0,19332.0,19332.0,1,1.0
9275056000993444,9,27,50,56,99,3444,1,1,419,1,,6.0,1.0,1.0,1.0,399.04,399.04,399.04,399.04,399.04,399.04,,46382.18,44.0,2200.0,12.0,7.0,46382.18,44.0,2200.0,12.0,100.0,,,,,,,,,,0,0,1,399.04,399.04,,100.0,,,,,1,0,,,,,,,1,250000.0,2.0,,,,,,,1,0.0,,,1.0,9762.0,5.0,2.0,,,,,,,,,,,,,419,,2.0,,4,46382.18,46382.18,0.0,,,,,,,,6,399.04,,,399.04,,,,399.04,399.04,399.04,1,1.0
9275061000992352,9,27,50,61,99,2352,3,3,419,1,,6.0,1.0,1.0,1.0,430.0,430.0,430.0,430.0,430.0,430.0,,49980.75,44.0,2200.0,12.0,7.0,49980.75,44.0,2200.0,12.0,100.0,,,,,,,,,,0,0,1,430.0,430.0,,100.0,,,,,1,0,,,,,,,1,338450.0,2.0,,,,,,,1,0.0,,,1.0,1290.0,5.0,2.0,,,,,,,,,,,,,419,,2.0,,4,49980.75,49980.75,0.0,,,,,,,,6,430.0,,,430.0,,,,430.0,430.0,430.0,1,1.0
9275061000992497,9,27,50,61,99,2497,1,1,419,1,,4.0,1.5,1.0,1.0,380.67,380.67,380.67,380.67,380.67,380.67,,28930.0,44.0,2200.0,12.0,7.0,28930.0,44.0,2200.0,12.0,100.0,,,,,,,,,,0,0,1,380.67,380.67,100.0,,,,,,1,0,,,,,,,1,228000.0,2.0,,,,,,,1,0.0,,,1.0,1161.0,5.0,3.0,,,,,,,,,,,,,419,,2.0,,4,28930.0,28930.0,0.0,,,,,,,,4,380.67,,,380.67,,,,380.67,380.67,380.67,1,1.0
10015001043370005,10,1,50,1,4337,5,2,1,419,1,,1.0,0.3,0.3,4.0,2.0,2.0,,,,,,,,,,,,,,,,,,,,,,,,,0,0,1,2.0,2.0,100.0,,,,,,1,0,,,,,,,1,8.0,2.0,,,,,,,1,0.0,,,1.0,4.0,5.0,1.0,1.0,5.0,3.0,,,,,,,,,,419,1.0,,,4,,,,,,,,,,,1,2.0,,,,,,2.0,2.0,2.0,2.0,1,26.2288750552237
10015001043370007,10,1,50,1,4337,7,2,1,419,1,,7.0,0.25,0.25,3.0,479.25,479.25,479.25,479.25,479.25,479.25,,76570.31,43.0,2000.0,12.0,7.0,,,,,,,,,,,,76570.31,,,0,0,1,479.25,479.25,,,,11.0,,89.0,1,1,,,3834.0,3.0,,,1,278598.0,2.0,,,,,,,1,0.0,,,1.0,240.0,5.0,3.0,,,,,,,,,,330.0,,,419,1.0,,,4,69609.3727272727,,0.0,,,,,,,,7,479.25,,,,,479.25,,479.25,479.25,479.25,1,0.0
10015056000993442,10,1,50,56,99,3442,1,1,419,1,,7.0,0.25,0.25,3.0,479.25,479.25,479.25,479.25,479.25,479.25,,76570.31,44.0,2200.0,12.0,7.0,,,,,,,,,,,,76570.31,,,0,0,1,479.25,479.25,89.0,,,11.0,,,1,1,,,3834.0,3.0,,,1,278598.0,2.0,,,,,,,1,0.0,,,1.0,240.0,5.0,3.0,,,,,,,,,,330.0,,,419,1.0,,,4,76570.31,,0.0,,,,,,,,7,479.25,,,,,479.25,,479.25,479.25,479.25,1,1.0
10015056000993442,10,1,50,56,99,3442,5,3,419,1,,7.0,0.25,0.25,3.0,305.08,305.08,305.08,305.08,305.08,305.08,,49511.33,44.0,2200.0,12.0,7.0,,,,,,,,,,,,49511.33,,,0,0,1,305.08,305.08,92.0,,,8.0,,,1,1,,,2440.0,4.0,,,1,183048.0,2.0,,,,,,,1,0.0,,,1.0,200.0,5.0,3.0,,,,,,,,,,210.0,,,419,1.0,,,4,49511.33,,0.0,,,,,,,,7,305.08,,,,,305.08,,305.08,305.08,305.08,1,1.0
10015101046580006,10,1,51,1,4658,6,1,1,419,1,,4.0,3.0,3.0,2.0,2.0,2.0,2.0,2.0,2.0,2.0,,320.0,44.0,2200.0,12.0,1.0,320.0,44.0,2200.0,12.0,100.0,,,,,,,,,,0,0,1,2.0,2.0,100.0,,,,,,1,1,300.0,2.0,,,,,1,4.0,3.0,,,,,,,1,0.0,,,1.0,,,,2.0,5.0,2.0,,,,,,,10.0,,,419,1.0,,,4,320.0,320.0,0.0,,,,,,,,4,2.0,,,,2.0,,,2.0,2.0,2.0,1,14.485648820081
10015356000993483,10,1,53,56,99,3483,3,2,419,1,,10.0,1.0,1.0,2.0,7.0,7.0,7.0,7.0,7.0,7.0,,800.0,44.0,2200.0,12.0,7.0,800.0,44.0,2200.0,12.0,100.0,,,,,,,,,,0,0,1,7.0,7.0,100.0,,,,,,1,0,,,,,,,1,4200.0,2.0,,,,,,,1,0.0,,,1.0,2.0,3.0,4.0,,,,,,,,,,30.0,,,419,1.0,,,4,800.0,800.0,0.0,,,,,,,,10,,7.0,,,7.0,,,7.0,7.0,7.0,1,1.0
10015601031630001,10,1,56,1,3163,1,1,1,419,1,,20.0,14.0,1.0,4.0,7.0,7.0,,,,,,,,,,,,,,,,,,,,,,,,,0,0,1,7.0,7.0,100.0,,,,,,1,0,,,,,,,1,50.0,3.0,,,,,,,1,0.0,,,1.0,5.0,3.0,2.0,,,,,,,,,,23.0,,,419,1.0,,,4,,,,,,,,,,,20,,,7.0,,,,7.0,7.0,7.0,7.0,1,8.213724322376269
10015601046420001,10,1,56,1,4642,1,1,1,419,1,,15.0,0.5,0.5,1.0,3.0,3.0,3.0,3.0,3.0,3.0,,450.0,44.0,2200.0,12.0,7.0,450.0,44.0,2200.0,12.0,100.0,,,,,,,,,,0,0,1,3.0,3.0,100.0,,,,,,1,1,39.0,3.0,,,,,0,,,,,,,,,1,0.0,,,1.0,1.5,5.0,1.0,,,,3.0,2.0,3.0,,,,,,,419,1.0,,,4,450.0,450.0,0.0,,,,,,,,15,,3.0,,3.0,,,,3.0,3.0,3.0,1,16.5542842671977
10015601046420001,10,1,56,1,4642,1,3,2,419,1,,30.0,0.5,0.5,1.0,5.96,5.96,5.96,5.96,5.96,5.96,,800.0,44.0,2200.0,12.0,7.0,800.0,44.0,2200.0,12.0,100.0,,,,,,,,,,0,0,1,5.96,5.96,100.0,,,,,,1,1,77.0,3.0,,,,,0,,,,,,,,,1,0.0,,,1.0,3.0,5.0,1.0,,,,,,,,,,,,,419,1.0,,,4,800.0,800.0,0.0,,,,,,,,30,,,5.96,5.96,,,,5.96,5.96,5.96,1,46.4565787374599
10015601046420001,10,1,56,1,4642,1,5,3,419,1,,3.0,0.5,0.5,1.0,7.26,7.26,7.26,7.26,7.26,7.26,,1089.0,44.0,2200.0,12.0,7.0,1089.0,44.0,2200.0,12.0,100.0,,,,,,,,,,0,0,1,7.26,7.26,100.0,,,,,,1,1,94.0,3.0,,,,,0,,,,,,,,,1,0.0,,,1.0,3.5,5.0,1.0,,,,,,,,,,,,,419,1.0,,,4,1089.0,1089.0,0.0,,,,,,,,3,7.26,,,7.26,,,,7.26,7.26,7.26,1,3.83373043192853
10015656000993475,10,1,56,56,99,3475,1,1,419,1,,1.0,1.0,1.0,1.0,14.0,14.0,14.0,14.0,12.0,12.0,6.0,1820.0,44.0,2200.0,12.0,7.0,1820.0,44.0,2200.0,12.0,100.0,,,,,,,,,,0,0,1,14.0,14.0,100.0,,,,,,1,0,,,,,,,1,168.0,3.0,,,,,,,1,0.0,,,1.0,56.0,5.0,3.0,,,,,,,,,,,,,419,1.0,,,4,1820.0,1820.0,2.0,2.0,,,,,,2.0,1,14.0,,,14.0,,,,14.0,14.0,14.0,1,1.0
10015656000993475,10,1,56,56,99,3475,2,2,419,1,,1.0,1.0,1.0,1.0,24.0,24.0,24.0,24.0,20.0,20.0,6.0,3120.0,44.0,2200.0,12.0,7.0,3120.0,44.0,2200.0,12.0,100.0,,,,,,,,,,0,0,1,24.0,24.0,100.0,,,,,,1,0,,,,,,,1,288.0,3.0,,,,,,,1,0.0,,,1.0,96.0,5.0,3.0,,,,,,,,,,,,,419,1.0,,,4,3120.0,3120.0,4.0,4.0,,,,,,4.0,1,24.0,,,24.0,,,,24.0,24.0,24.0,1,1.0
10015656000993475,10,1,56,56,99,3475,3,3,419,1,,1.0,1.0,1.0,1.0,10.0,10.0,10.0,10.0,9.0,9.0,6.0,1300.0,44.0,2200.0,12.0,7.0,1300.0,44.0,2200.0,12.0,100.0,,,,,,,,,,0,0,1,10.0,10.0,100.0,,,,,,1,0,,,,,,,1,120.0,3.0,,,,,,,1,0.0,,,1.0,40.0,5.0,3.0,,,,,,,,,,,,,419,1.0,,,4,1300.0,1300.0,1.0,1.0,,,,,,1.0,1,10.0,,,10.0,,,,10.0,10.0,10.0,1,1.0
10015656000993475,10,1,56,56,99,3475,4,4,419,1,,1.0,1.0,1.0,1.0,7.0,7.0,7.0,7.0,6.0,6.0,6.0,910.0,44.0,2200.0,12.0,7.0,910.0,44.0,2200.0,12.0,100.0,,,,,,,,,,0,0,1,7.0,7.0,100.0,,,,,,1,0,,,,,,,1,84.0,3.0,,,,,,,1,0.0,,,1.0,28.0,5.0,3.0,,,,,,,,,,,,,419,1.0,,,4,910.0,910.0,1.0,1.0,,,,,,1.0,1,7.0,,,7.0,,,,7.0,7.0,7.0,1,1.0
10025101072350001,10,2,51,1,7235,1,1,1,419,1,,5.0,1.0,1.0,2.0,0.25,0.25,0.25,0.25,0.25,0.25,,700.0,35.0,100.0,12.0,7.0,,,,,,,,,,700.0,,,,,0,1,1,0.25,0.25,100.0,,,,,,0,0,,,,,,,0,,,,,,,,,1,0.0,,,1.0,,,,2.0,5.0,2.0,1.0,5.0,2.0,,,,,,,419,1.0,,,4,31.818181818181802,,0.0,,,,,,,,5,0.25,,,,0.25,,,0.25,,0.25,1,20.8173326781068
10035201130490001,10,3,52,1,13049,1,2,2,419,1,,0.0,1.5,1.5,1.0,2.0,2.0,,,,,,,,,,,,,,,,,,,,,,,,,0,0,0,,,,,,,,,0,0,,,,,,,0,,,,,,,,,0,0.0,,,0.0,,,,,,,,,,,,,,,,419,1.0,,,4,,,,,,,,,,,0,2.0,,,2.0,,,,,,,1,27.7623899945642
10035855000993984,10,3,58,55,99,3984,4,2,419,1,,4.0,1.5,1.5,2.0,10.0,10.0,10.0,10.0,10.0,10.0,,1500.0,43.0,2000.0,12.0,7.0,1500.0,43.0,2000.0,12.0,100.0,,,,,,,,,,0,0,1,10.0,10.0,100.0,,,,,,1,0,,,,,,,1,1400.0,2.0,1400.0,2.0,1400.0,2.0,140.0,2.0,1,0.0,,,1.0,1.0,5.0,4.0,1.5,5.0,4.0,2.0,5.0,3.0,1.0,5.0,3.0,,,,419,1.0,,,4,1363.63636363636,1363.63636363636,0.0,,,,,,,,4,10.0,,,,10.0,,,10.0,10.0,10.0,1,1.0
10055001057600001,10,5,50,1,5760,1,1,1,419,1,,1.0,0.5,0.5,2.0,0.5,0.5,0.5,0.5,0.5,0.5,,40.0,44.0,2200.0,12.0,7.0,40.0,44.0,2200.0,12.0,100.0,,,,,,,,,,0,0,1,0.5,0.5,100.0,,,,,,1,0,,,,,,,1,2.0,3.0,,,,,,,1,0.0,,,1.0,20.0,2.0,2.0,,,,,,,,,,0.0,6.0,,419,1.0,,,4,40.0,40.0,0.0,,,,,,,,1,0.5,,,,0.5,,,0.5,0.5,0.5,1,121.116931972761
10055001057600004,10,5,50,1,5760,4,1,1,419,1,,4.0,0.5,0.5,2.0,2.5,2.5,2.5,2.5,2.5,2.5,,350.0,44.0,2200.0,12.0,7.0,350.0,44.0,2200.0,12.0,100.0,,,,,,,,,,0,0,1,2.5,2.5,100.0,,,,,,1,0,,,,,,,1,5.0,3.0,,,,,,,0,0.0,,,0.0,,,,,,,,,,,,,,,,419,1.0,,,4,350.0,350.0,0.0,,,,,,,,4,2.5,,,,2.5,,,2.5,2.5,,1,5.28701417144956
10055001057600006,10,5,50,1,5760,6,1,1,419,1,,4.0,1.0,1.0,2.0,1.75,1.75,1.75,1.75,1.75,1.75,,150.0,44.0,2200.0,12.0,2.0,150.0,44.0,2200.0,12.0,100.0,,,,,,,,,,0,0,1,1.75,1.75,100.0,,,,,,1,0,,,,,,,1,4.5,3.0,,,,,,,1,0.0,,,1.0,,,,40.0,2.0,3.0,,,,,,,,,,419,1.0,,,4,150.0,150.0,0.0,,,,,,,,4,1.75,,,,1.75,,,1.75,1.75,1.75,1,21.9364749011511
10065301038170001,10,6,53,1,3817,1,3,2,419,1,,6.0,1.0,1.0,1.0,2.0,2.0,2.0,2.0,,,6.0,,,,,,,,,,0.0,,,,,,,,,,0,0,1,2.0,2.0,100.0,,,,,,0,0,,,,,,,0,,,,,,,,,0,0.0,,,0.0,,,,,,,,,,,,,,,,419,1.0,,,4,,,2.0,2.0,,,,,,2.0,6,2.0,,,2.0,,,,2.0,,,1,10.844007915676901
10065301040520003,10,6,53,1,4052,3,2,1,419,1,,1.0,0.5,0.5,1.0,5.0,5.0,5.0,5.0,5.0,5.0,,5000.0,15.0,150.0,12.0,7.0,5000.0,15.0,150.0,12.0,100.0,,,,,,,,,,0,0,1,5.0,5.0,100.0,,,,,,1,0,,,,,,,1,2.0,3.0,3.0,3.0,,,,,1,0.0,,,1.0,1.0,5.0,3.0,,,,,,,,,,,,,419,1.0,,,4,340.909090909091,340.909090909091,0.0,,,,,,,,1,5.0,,,5.0,,,,5.0,5.0,5.0,1,3.926277649624641
10065501038070001,10,6,55,1,3807,1,1,1,419,1,,0.0,0.5,0.5,4.0,12.5,12.5,,,,,,,,,,,,,,,,,,,,,,,,,0,0,1,12.5,12.5,100.0,,,,,,1,0,,,,,,,1,36.0,3.0,48.0,3.0,36.0,3.0,36.0,1.0,1,0.0,,,1.0,12.0,5.0,4.0,12.0,5.0,4.0,12.0,5.0,4.0,,,,1.0,,,419,1.0,,,4,,,,,,,,,,,0,12.5,,,,,,12.5,12.5,12.5,12.5,1,28.4188519366138
10065501038070001,10,6,55,1,3807,1,2,2,419,1,,0.0,0.5,0.5,4.0,12.5,12.5,,,,,,,,,,,,,,,,,,,,,,,,,0,0,1,12.5,12.5,100.0,,,,,,1,0,,,,,,,1,36.0,3.0,48.0,3.0,36.0,3.0,36.0,1.0,1,0.0,,,1.0,12.0,5.0,4.0,12.0,5.0,4.0,12.0,5.0,4.0,,,,1.0,,,419,1.0,,,4,,,,,,,,,,,0,12.5,,,,,,12.5,12.5,12.5,12.5,1,11.859983023453696
11035001098090001,11,3,50,1,9809,1,1,1,419,1,,16.0,1.65,1.65,1.0,4.04,4.04,4.04,4.04,3.27,3.27,5.0,443.32,43.0,2000.0,12.0,7.0,,,,,,,,,,,,443.32,,,0,0,1,4.04,4.04,88.0,,,12.0,,,1,0,,,,,,,1,,,2222.0,2.0,,,,,1,0.0,,,1.0,0.08,2.0,3.0,16.16,5.0,3.0,,,,,,,,,,419,1.0,,,4,403.018181818182,,0.77,0.77,,,,,0.77,,16,,4.04,,4.04,,,,4.04,4.04,4.04,1,0.0
11035001098090001,11,3,50,1,9809,1,2,2,419,1,,16.0,1.65,1.65,1.0,5.09,5.09,5.09,5.09,4.12,4.12,5.0,558.54,43.0,2000.0,12.0,7.0,,,,,,,,,,,,558.54,,,0,0,1,5.09,5.09,88.0,,,12.0,,,1,0,,,,,,,1,,,2799.5,2.0,,,,,1,0.0,,,1.0,10.18,2.0,3.0,20.36,5.0,3.0,,,,,,,,,,419,1.0,,,4,507.763636363636,,0.97,0.97,,,,,0.97,,16,,5.09,,5.09,,,,5.09,5.09,5.09,1,0.0
11035001098090001,11,3,50,1,9809,1,3,3,419,1,,16.0,1.65,1.65,1.0,7.0,7.0,7.0,7.0,5.67,5.67,5.0,768.12,43.0,2000.0,12.0,7.0,,,,,,,,,,,,768.12,,,0,0,1,7.0,7.0,88.0,,,12.0,,,1,0,,,,,,,1,,,3850.0,2.0,,,,,1,0.0,,,1.0,14.0,2.0,3.0,28.0,5.0,3.0,,,,,,,,,,419,1.0,,,4,698.2909090909088,,1.33,1.33,,,,,1.33,,16,,7.0,,7.0,,,,7.0,7.0,7.0,1,0.0
11035001098090001,11,3,50,1,9809,1,4,4,419,1,,16.0,1.65,1.65,1.0,3.4,3.4,3.4,3.4,2.75,2.75,5.0,373.09,43.0,2000.0,12.0,7.0,,,,,,,,,,,,373.09,,,0,0,1,3.4,3.4,88.0,,,12.0,,,1,0,,,,,,,1,,,1870.0,2.0,,,,,1,0.0,,,1.0,6.8,2.0,3.0,13.6,5.0,3.0,,,,,,,,,,419,1.0,,,4,339.172727272727,,0.65,0.65,,,,,0.65,,16,,3.4,,3.4,,,,3.4,3.4,3.4,1,0.0
11035001098090001,11,3,50,1,9809,1,5,5,419,1,,16.0,1.65,1.65,1.0,3.0,3.0,3.0,3.0,2.43,2.43,5.0,329.19,43.0,2000.0,12.0,7.0,,,,,,,,,,,,329.19,,,0,0,1,3.0,3.0,88.0,,,12.0,,,1,0,,,,,,,1,,,1650.0,2.0,,,,,1,0.0,,,1.0,6.0,2.0,3.0,12.0,5.0,3.0,,,,,,,,,,419,1.0,,,4,299.263636363636,,0.57,0.57,,,,,0.57,,16,,3.0,,3.0,,,,3.0,3.0,3.0,1,0.0
11035001098090001,11,3,50,1,9809,1,6,6,419,1,,16.0,1.65,1.65,1.0,7.53,7.53,7.53,7.53,6.1,6.1,5.0,826.28,43.0,2000.0,12.0,7.0,,,,,,,,,,,,826.28,,,0,0,1,7.53,7.53,88.0,,,12.0,,,1,0,,,,,,,1,,,4141.5,2.0,,,,,1,0.0,,,1.0,15.06,2.0,3.0,30.12,5.0,3.0,,,,,,,,,,419,1.0,,,4,751.163636363636,,1.43,1.43,,,,,1.43,,16,,7.53,,7.53,,,,7.53,7.53,7.53,1,0.0
11035056000993428,11,3,50,56,99,3428,1,1,419,1,,16.0,1.65,1.65,1.0,2096.0,2096.0,2096.0,2096.0,1700.0,1700.0,5.0,230000.0,43.0,2000.0,12.0,7.0,,,,,,,,,,,,230000.0,,,0,0,1,2096.0,2096.0,88.0,,,12.0,,,1,0,,,,,,,1,,,1152800.0,2.0,,,,,1,0.0,,,1.0,4192.0,2.0,3.0,8384.0,5.0,3.0,,,,,,,,,,419,1.0,,,4,209090.90909090894,,396.0,396.0,,,,,396.0,,16,,2096.0,,2096.0,,,,2096.0,2096.0,2096.0,1,1.0
12015302146830002,12,1,53,2,14683,2,1,1,419,1,,5.0,1.5,1.5,2.0,72.0,72.0,72.0,72.0,72.0,72.0,,5760.0,43.0,2000.0,12.0,7.0,5000.0,43.0,2000.0,12.0,100.0,,,760.0,,,,,,,1,1,1,72.0,72.0,100.0,,,,,,1,0,,,,,,,1,28800.0,2.0,,,,,,,1,0.0,,,1.0,1440.0,5.0,2.0,216.0,5.0,3.0,,,,,,,10.0,,,419,,2.0,,4,5236.363636363641,4545.4545454545505,0.0,,,,,,,,5,72.0,,,,72.0,,,72.0,72.0,72.0,1,2.79834079546094
12015302146830003,12,1,53,2,14683,3,1,1,419,1,,5.0,1.5,1.5,2.0,42.0,42.0,42.0,42.0,42.0,42.0,,3360.0,43.0,2000.0,12.0,7.0,3000.0,43.0,2000.0,12.0,100.0,,,360.0,,,,,,,0,0,1,42.0,42.0,100.0,,,,,,1,0,,,,,,,1,16800.0,2.0,,,,,,,1,0.0,,,1.0,840.0,5.0,2.0,126.0,5.0,3.0,,,,,,,5.0,,,419,,2.0,,4,3054.54545454545,2727.27272727273,0.0,,,,,,,,5,42.0,,,,42.0,,,42.0,42.0,42.0,1,15.529543169897199
12015456000993429,12,1,54,56,99,3429,2,1,419,1,,3.0,1.9,1.9,2.0,1060.0,1060.0,1060.0,1060.0,1060.0,1060.0,,89252.0,44.0,2200.0,12.0,7.0,89252.0,44.0,2200.0,12.0,100.0,,,,,,,,,,0,0,1,1060.0,1060.0,100.0,,,,,,1,0,,,,,,,1,6360.0,2.0,6360.0,2.0,6360.0,2.0,6360.0,2.0,1,0.0,,,1.0,2120.0,5.0,3.0,,,,,,,,,,,,,419,,2.0,,4,89252.0,89252.0,0.0,,,,,,,,3,1060.0,,,,1060.0,,,1060.0,1060.0,1060.0,1,1.0
14015703007470001,14,1,57,3,747,1,1,1,419,1,,4.0,3.0,3.0,2.0,12.0,12.0,12.0,12.0,12.0,12.0,,19200.0,35.0,100.0,12.0,7.0,19200.0,35.0,100.0,12.0,100.0,,,,,,,,,,0,0,0,,,,,,,,,0,0,,,,,,,0,,,,,,,,,0,0.0,,,0.0,,,,,,,,,,,,,,4.0,,419,,,3.0,4,872.727272727273,872.727272727273,0.0,,,,,,,,4,12.0,,,,12.0,,,,,,1,7.227030286532
14015703007470002,14,1,57,3,747,2,2,1,419,1,,4.0,3.0,3.0,2.0,2.0,2.0,2.0,2.0,2.0,2.0,,1600.0,35.0,100.0,12.0,7.0,1600.0,35.0,100.0,12.0,100.0,,,,,,,,,,0,0,0,,,,,,,,,0,0,,,,,,,0,,,,,,,,,0,0.0,,,0.0,,,,,,,,,,,,,,1.0,,419,,,3.0,4,72.7272727272727,72.7272727272727,0.0,,,,,,,,4,2.0,,,,2.0,,,,,,1,20.940422697542502
14015703007470003,14,1,57,3,747,3,2,1,419,1,,4.0,3.0,3.0,2.0,1.3,1.3,1.3,1.3,1.3,1.3,,2080.0,35.0,100.0,12.0,7.0,2080.0,35.0,100.0,12.0,100.0,,,,,,,,,,0,0,0,,,,,,,,,0,0,,,,,,,0,,,,,,,,,0,0.0,,,0.0,,,,,,,,,,,,,0.0,3.0,,419,,,3.0,4,94.5454545454545,94.5454545454545,0.0,,,,,,,,4,1.3,,,,1.3,,,,,,1,69.5723575458461
14015703007470004,14,1,57,3,747,4,2,1,419,1,,4.0,3.0,3.0,2.0,0.5,0.5,0.5,0.5,0.5,0.5,,800.0,35.0,100.0,12.0,7.0,800.0,35.0,100.0,12.0,100.0,,,,,,,,,,0,0,0,,,,,,,,,0,0,,,,,,,0,,,,,,,,,0,0.0,,,0.0,,,,,,,,,,,,,,3.0,,419,,,3.0,4,36.363636363636395,36.363636363636395,0.0,,,,,,,,4,0.5,,,,0.5,,,,,,1,61.3292831112464
14015703007470005,14,1,57,3,747,5,4,1,419,1,,4.0,3.0,3.0,2.0,1.0,1.0,1.0,1.0,1.0,1.0,,1600.0,35.0,100.0,12.0,7.0,1600.0,35.0,100.0,12.0,100.0,,,,,,,,,,0,0,0,,,,,,,,,0,0,,,,,,,0,,,,,,,,,0,0.0,,,0.0,,,,,,,,,,,,,,1.0,,419,,,3.0,4,72.7272727272727,72.7272727272727,0.0,,,,,,,,4,1.0,,,,1.0,,,,,,1,74.5479775773347
14015703007470006,14,1,57,3,747,6,3,1,419,1,,4.0,3.0,3.0,2.0,2.0,2.0,2.0,2.0,2.0,2.0,,3200.0,35.0,100.0,12.0,7.0,3200.0,35.0,100.0,12.0,100.0,,,,,,,,,,0,0,0,,,,,,,,,0,0,,,,,,,0,,,,,,,,,0,0.0,,,0.0,,,,,,,,,,,,,0.0,2.0,,419,,,3.0,4,145.454545454545,145.454545454545,0.0,,,,,,,,4,2.0,,,,2.0,,,,,,1,67.3177237636656
14015703007470007,14,1,57,3,747,7,3,1,419,1,,4.0,3.0,3.0,2.0,1.8,1.8,1.8,1.8,1.8,1.8,,2880.0,35.0,100.0,12.0,7.0,2880.0,35.0,100.0,12.0,100.0,,,,,,,,,,0,0,0,,,,,,,,,0,0,,,,,,,0,,,,,,,,,0,0.0,,,0.0,,,,,,,,,,,,,,,,419,,,3.0,4,130.909090909091,130.909090909091,0.0,,,,,,,,4,1.8,,,,1.8,,,,,,1,24.3588747776901
14015703007470008,14,1,57,3,747,8,1,1,419,1,,4.0,3.0,3.0,2.0,2.7,2.7,2.7,2.7,2.7,2.7,,4320.0,35.0,100.0,12.0,7.0,4320.0,35.0,100.0,12.0,100.0,,,,,,,,,,0,0,0,,,,,,,,,0,0,,,,,,,0,,,,,,,,,0,0.0,,,0.0,,,,,,,,,,,,,,1.0,,419,,,3.0,4,196.363636363636,196.363636363636,0.0,,,,,,,,4,2.7,,,,2.7,,,,,,1,45.746126878202
14015703007470011,14,1,57,3,747,11,5,1,419,1,,4.0,3.0,3.0,2.0,0.5,0.5,0.5,0.5,0.5,0.5,,800.0,35.0,100.0,12.0,7.0,800.0,35.0,100.0,12.0,100.0,,,,,,,,,,0,0,0,,,,,,,,,0,0,,,,,,,0,,,,,,,,,0,0.0,,,0.0,,,,,,,,,,,,,,2.0,,419,,,3.0,4,36.363636363636395,36.363636363636395,0.0,,,,,,,,4,0.5,,,,0.5,,,,,,1,51.2773701016732
14015703007470012,14,1,57,3,747,12,2,1,419,1,,2.0,3.0,3.0,2.0,1.0,1.0,1.0,1.0,1.0,1.0,,1600.0,35.0,100.0,12.0,7.0,1600.0,35.0,100.0,12.0,100.0,,,,,,,,,,0,0,0,,,,,,,,,0,0,,,,,,,0,,,,,,,,,0,0.0,,,0.0,,,,,,,,,,,,,0.0,1.0,,419,,,3.0,4,72.7272727272727,72.7272727272727,0.0,,,,,,,,2,1.0,,,,1.0,,,,,,1,84.2723360062739
14015703007470013,14,1,57,3,747,13,1,1,419,1,,4.0,3.0,3.0,2.0,3.0,3.0,3.0,3.0,3.0,3.0,,4800.0,35.0,100.0,12.0,7.0,4800.0,35.0,100.0,12.0,100.0,,,,,,,,,,0,0,0,,,,,,,,,0,0,,,,,,,0,,,,,,,,,0,0.0,,,0.0,,,,,,,,,,,,,,,,419,,,3.0,4,218.18181818181802,218.18181818181802,0.0,,,,,,,,4,3.0,,,,3.0,,,,,,1,79.6203430244022
