Identificador,ual_prov,ual_cant,ual_parr,ual_estr,ual_segm,al_ncues,ec19_actafec,ec19_dadinsu,ec19_dconmob,ec19_dtraterre,ec19_dofretrab,ec19_pveprfalt,ec19_pveprausc,ec19_accecred,ec19_recayamag,ec19_recayusgr,ec19_recayugc,ec19_recayugadm,ec19_recayugadp,ec19_recayuong,ec19_recayuotro,ec19_recayudesc,tratamiento_compra_insumos,tratamiento_ventas_transporte,tratamiento_ventas_demanda,eu_superficie_ha,eu_k1301,eu_k1302,eu_k1303,eu_k1304,eu_k1305,eu_k1306,eu_k1307,eu_k1308,eu_k1309,eu_k1310,eu_k1311,eu_k1312,eu_trs,eu_trc,eu_tro,eu_tn,fact_exp_fin_principales,cg_vive_predio_pr,cg_terredensm,cg_dista_pre_viv,cg_k100,cg_k101,cg_se_define,cg_k102,cg_segsoccam,cg_accesocomp,cg_accesointer,cg_superficie,cg_unidadmedida,grupo1,edad_rango,pa_arealm,pa_areempa,eq_earado,eq_semman,eq_emotoguadana,cp_numt,cp_numl,rc_clacul,cp_k404,cp_k405,cp_k406,cp_distancia_1,cp_distancia_2,cp_k408,cp_k409,cp_k409ha,cp_k410,cp_k410ha,cp_k411,cp_k411ha,cp_k412,cp_k416,cp_k417,cp_k418,cp_k420,cp_afecta_prod,cp_k422,cp_k423,cp_k424,cp_k426,cp_venmernac,cp_venmerint,cp_rdproven1,cp_rdproven2,cp_rdproven3,cp_rdproven4,cp_rdproven5,cp_rdproven6,cp_fconvf,cp_fconvs,cp_seg_agri,cp_kits_agri,cp_riego,cp_superf_regada,cp_superf_regada_ha,cp_porc_surc,cp_porc_aspe,cp_porc_micr,cp_porc_gote,cp_porc_nebu,cp_porc_otro,cp_aferti,cp_forg,cp_cant1_fo,cp_umed1_fo,cp_cant2_fo,cp_umed2_fo,cp_cant3_fo,cp_umed3_fo,cp_fqui,cp_cantidad_npk_fq,cp_umed_npk_fq,cp_cantidad_nit_fq,cp_umed_nit_fq,cp_cantidad_fq,cp_umed_fq,cp_cantidad_pot_fq,cp_umed_pot_fq,cp_afito,cp_porg,cp_cantidad_po,cp_umed_po,cp_pqui,cp_cantidad_her_pq,cp_umed_her_pq,cp_color_her_pq,cp_cantidad_ins_pq,cp_umed_ins_pq,cp_color_ins_pq,cp_cantidad_fun_pq,cp_umed_fun_pq,cp_color_fun_pq,cp_cantidad_pq,cp_umed_pq,cp_color_pq,cp_trabocacont,cp_trabfami,cp_obsotroscp,cp_nclavr,cp_trs,cp_trc,cp_tro,cp_tn,cp_prod,ventas,cp_superdida,superdida,cp_sequia,cp_helada,cp_plagas,cp_enfermedades,cp_inundacion,cp_otra,cp_edad,edad1,edad2,edad3,cp_vcom√∫n,cp_vmejorada,cp_vhibrinacio,cp_vhibrinterna,cp_sriego,cp_sufertilizantes,cp_sufitosanitario,nuevacondicion,fact_exp_fin_cultivo
9115404002530004,9,11,54,4,253,4,1,1.0,1.0,1.0,1.0,1.0,1.0,0.0,0.0,0.0,0.0,0.0,0.0,0.0,0.0,,1.0,1.0,1.0,1386.09,57,57.0,,1.0,1.0,,56.0,56.0,,,,,,2.0,,4,0.0152173245121176,0,,99.0,1,45,4,3,0,1,1,1386.09,1,10,3,0.0,0.0,,,0.0,1,1,419,1,,15.0,1.6,1.6,3.0,1386.09,1386.09,1386.09,1386.09,1386.09,1386.09,,45128.09,44.0,2200.0,12.0,2.0,,,,,,,,,,,,45128.09,,,0,0,1,1386.09,1386.09,60.0,,40.0,,,,1,0,,,,,,,1,,,201468.0,2.0,60197.0,2.0,136624.0,2.0,1,0.0,,,1.0,19821.0,5.0,3.0,,,,,,,,,,,,,419,,2.0,,4,45128.09,,0.0,,,,,,,,15,,1386.09,,,,1386.09,,1386.09,1386.09,1386.09,1,0.0152173245121176
9115402134340006,9,11,54,2,13434,6,1,1.0,1.0,1.0,1.0,1.0,1.0,0.0,0.0,0.0,0.0,0.0,0.0,0.0,0.0,,1.0,1.0,1.0,246.89,62,62.0,,1.0,1.0,,61.0,61.0,,,,,,2.0,,4,0.12973631823448,0,,99.0,1,45,4,3,0,1,1,246.89,1,10,3,0.0,0.0,,,0.0,1,1,419,1,,11.0,1.6,1.6,3.0,246.89,246.89,246.89,246.89,246.89,246.89,,19453.86,44.0,2200.0,12.0,2.0,,,,,,,,,,,,19453.86,,,0,0,1,246.89,246.89,100.0,,,,,,1,0,,,,,,,1,,,35855.0,2.0,10648.0,2.0,24335.0,2.0,1,0.0,,,1.0,3530.0,5.0,3.0,,,,,,,,,,,,,419,,2.0,,4,19453.86,,0.0,,,,,,,,11,,246.89,,,,246.89,,246.89,246.89,246.89,1,0.12973631823448
9205002091330008,9,20,50,2,9133,8,0,,,,,,,,,,,,,,,,0.0,0.0,0.0,12144.0,76,75.0,1.0,1.0,,1.0,5.0,5.0,,70.0,70.0,,,2.0,,4,0.13979873877023902,1,1.0,,0,75,4,4,0,1,1,12144.0,1,10,4,0.0,0.0,,,0.0,1,1,419,1,,2.0,4.3,4.3,2.0,12144.0,12144.0,12144.0,12144.0,12144.0,12144.0,,176005.0,44.0,2200.0,12.0,7.0,176005.0,44.0,2200.0,12.0,50.0,50.0,,,,,,,,,0,0,1,12144.0,12144.0,,,100.0,,,,1,0,,,,,,,1,1500.0,3.0,3000.0,3.0,,,,,1,0.0,,,1.0,12000.0,5.0,3.0,10000.0,5.0,1.0,,,,,,,70.0,,,419,,2.0,,4,176005.0,176005.0,0.0,,,,,,,,2,12144.0,,,,12144.0,,,12144.0,12144.0,12144.0,1,0.13979873877023902
9095002124260004,9,9,50,2,12426,4,0,,,,,,,,,,,,,,,,0.0,0.0,0.0,15.0,5,5.0,,1.0,1.0,,,,,4.0,4.0,,,2.0,,4,0.35669571025172797,1,1.0,,1,57,4,2,0,1,1,15.0,1,6,3,0.0,0.0,,,0.0,1,1,419,1,,15.0,1.5,1.5,1.0,15.0,15.0,15.0,15.0,15.0,15.0,,975.0,44.0,2200.0,12.0,7.0,975.0,44.0,2200.0,12.0,100.0,,,,,,,,,,0,0,1,15.0,15.0,100.0,,,,,,1,0,,,,,,,1,750.0,2.0,,,,,,,1,0.0,,,1.0,7.5,5.0,5.0,,,,,,,,,,,,,419,,2.0,,4,975.0,975.0,0.0,,,,,,,,15,,15.0,,15.0,,,,15.0,15.0,15.0,1,0.35669571025172797
9125002090680008,9,12,50,2,9068,8,0,,,,,,,,,,,,,,,,0.0,0.0,0.0,32.0,4,4.0,,1.0,1.0,,,,,3.0,3.0,,,2.0,,4,0.431229190936346,0,,7.0,1,59,4,3,0,1,1,32.0,1,7,3,0.0,0.0,,,0.0,1,1,419,1,,4.0,1.0,1.0,2.0,9.73,9.73,9.73,9.73,9.73,9.73,,885.0,43.0,2000.0,12.0,7.0,885.0,43.0,2000.0,12.0,100.0,,,,,,,,,,0,0,1,9.73,9.73,100.0,,,,,,1,0,,,,,,,1,2400.0,2.0,2150.0,2.0,,,2200.0,2.0,1,0.0,,,1.0,31.5,5.0,4.0,,,,,,,,,,3.0,,,419,,2.0,,4,804.5454545454553,804.5454545454553,0.0,,,,,,,,4,9.73,,,,9.73,,,9.73,9.73,9.73,1,1.41822549948233
9205302114580002,9,20,53,2,11458,2,1,1.0,1.0,1.0,1.0,1.0,1.0,0.0,0.0,0.0,0.0,0.0,0.0,0.0,0.0,,1.0,1.0,1.0,999.44,83,83.0,,1.0,1.0,,1.0,1.0,,81.0,81.0,,,2.0,,4,0.580658798096975,0,,99.0,1,45,4,3,0,1,1,999.44,1,10,3,0.0,0.0,0.0,,0.0,1,1,419,1,,4.0,1.6,1.6,3.0,497.0,497.0,497.0,497.0,497.0,497.0,,60019.0,44.0,2200.0,12.0,7.0,60019.0,44.0,2200.0,12.0,100.0,,,,,,,,,,0,0,1,497.0,497.0,20.0,80.0,,,,,1,0,,,,,,,1,,,72675.0,2.0,21715.0,2.0,49285.0,2.0,1,0.0,,,1.0,2750.0,5.0,4.0,,,,,,,,,,,,,419,,2.0,,4,60019.0,60019.0,0.0,,,,,,,,4,497.0,,,,,497.0,,497.0,497.0,497.0,1,1.1676732981288502
9205502091660002,9,20,55,2,9166,2,0,,,,,,,,,,,,,,,,0.0,0.0,0.0,340.0,72,72.0,,1.0,1.0,,1.0,1.0,,70.0,70.0,,,2.0,,4,0.922349177026548,0,,99.0,1,62,4,3,0,0,0,340.0,1,10,4,0.0,0.0,,,0.0,1,1,419,1,,6.0,1.2,1.0,1.0,137.0,137.0,137.0,137.0,137.0,137.0,,16440.0,44.0,2200.0,12.0,2.0,16440.0,44.0,2200.0,12.0,100.0,,,,,,,,,,0,0,1,137.0,137.0,100.0,,,,,,1,1,176.0,3.0,,,,,1,1218.0,3.0,406.0,3.0,,,140.0,3.0,1,0.0,,,1.0,1421.0,5.0,2.0,,,,100.0,5.0,3.0,,,,40.0,,,419,,2.0,,4,16440.0,16440.0,0.0,,,,,,,,6,137.0,,,137.0,,,,137.0,137.0,137.0,1,2.28904175320457
3045056000993427,3,4,50,56,99,3427,0,,,,,,,,,,,,,,,,0.0,0.0,0.0,23263.0,1114,667.0,447.0,1.0,1.0,,89.0,52.0,37.0,1024.0,614.0,410.0,1.0,,,4,1.0,0,,20.0,1,57,5,4,0,1,1,23263.0,1,10,3,1.0,0.0,1.0,,0.0,3,1,419,1,,6.0,1.5,1.5,2.0,18.0,18.0,18.0,18.0,18.0,18.0,,1692.0,43.0,2000.0,12.0,7.0,,,,,,,,,,,,1692.0,,,1,1,1,18.0,18.0,,100.0,,,,,1,0,,,,,,,1,108.0,2.0,108.0,2.0,,,,,1,0.0,,,1.0,27.0,5.0,4.0,,,,,,,,,,27.0,,,419,1.0,,,4,1538.18181818182,,0.0,,,,,,,,6,18.0,,,,18.0,,,18.0,18.0,18.0,1,1.0
3045056000993427,3,4,50,56,99,3427,0,,,,,,,,,,,,,,,,0.0,0.0,0.0,23263.0,1114,667.0,447.0,1.0,1.0,,89.0,52.0,37.0,1024.0,614.0,410.0,1.0,,,4,1.0,0,,20.0,1,57,5,4,0,1,1,23263.0,1,10,3,1.0,0.0,1.0,,0.0,4,2,419,1,,6.0,1.5,1.5,2.0,23.0,23.0,23.0,23.0,23.0,23.0,,2162.0,43.0,2000.0,12.0,7.0,,,,,,,,,,,,2162.0,,,1,1,1,23.0,23.0,,100.0,,,,,1,0,,,,,,,1,184.0,2.0,184.0,2.0,,,,,1,0.0,,,1.0,34.5,5.0,4.0,,,,,,,,,,46.0,,,419,1.0,,,4,1965.4545454545496,,0.0,,,,,,,,6,23.0,,,,23.0,,,23.0,23.0,23.0,1,1.0
3045056000993427,3,4,50,56,99,3427,0,,,,,,,,,,,,,,,,0.0,0.0,0.0,23263.0,1114,667.0,447.0,1.0,1.0,,89.0,52.0,37.0,1024.0,614.0,410.0,1.0,,,4,1.0,0,,20.0,1,57,5,4,0,1,1,23263.0,1,10,3,1.0,0.0,1.0,,0.0,5,3,419,1,,0.0,1.5,1.5,2.0,56.0,56.0,,,,,,,,,,,,,,,,,,,,,,,,,1,1,1,56.0,56.0,,100.0,,,,,0,0,,,,,,,0,,,,,,,,,0,0.0,,,0.0,,,,,,,,,,,,,112.0,,,419,1.0,,,4,,,,,,,,,,,0,56.0,,,,56.0,,,56.0,,,1,1.0
3045056000993427,3,4,50,56,99,3427,0,,,,,,,,,,,,,,,,0.0,0.0,0.0,23263.0,1114,667.0,447.0,1.0,1.0,,89.0,52.0,37.0,1024.0,614.0,410.0,1.0,,,4,1.0,0,,20.0,1,57,5,4,0,1,1,23263.0,1,10,3,1.0,0.0,1.0,,0.0,6,4,419,1,,6.0,1.5,1.5,2.0,32.0,32.0,32.0,32.0,32.0,32.0,,3008.0,43.0,2000.0,12.0,7.0,,,,,,,,,,,,3008.0,,,1,1,1,32.0,32.0,,100.0,,,,,1,0,,,,,,,1,256.0,2.0,256.0,2.0,,,,,1,0.0,,,1.0,48.0,5.0,4.0,,,,,,,,,,64.0,,,419,1.0,,,4,2734.54545454545,,0.0,,,,,,,,6,32.0,,,,32.0,,,32.0,32.0,32.0,1,1.0
3045056000993427,3,4,50,56,99,3427,0,,,,,,,,,,,,,,,,0.0,0.0,0.0,23263.0,1114,667.0,447.0,1.0,1.0,,89.0,52.0,37.0,1024.0,614.0,410.0,1.0,,,4,1.0,0,,20.0,1,57,5,4,0,1,1,23263.0,1,10,3,1.0,0.0,1.0,,0.0,7,5,419,1,,6.0,1.5,1.5,2.0,53.0,53.0,53.0,53.0,53.0,53.0,,4982.0,43.0,2000.0,12.0,7.0,,,,,,,,,,,,4982.0,,,1,1,1,53.0,53.0,,100.0,,,,,1,0,,,,,,,1,371.0,2.0,371.0,2.0,,,,,1,0.0,,,1.0,79.5,5.0,4.0,,,,,,,,,,106.0,,,419,1.0,,,4,4529.09090909091,,0.0,,,,,,,,6,53.0,,,,53.0,,,53.0,53.0,53.0,1,1.0
3045056000993427,3,4,50,56,99,3427,0,,,,,,,,,,,,,,,,0.0,0.0,0.0,23263.0,1114,667.0,447.0,1.0,1.0,,89.0,52.0,37.0,1024.0,614.0,410.0,1.0,,,4,1.0,0,,20.0,1,57,5,4,0,1,1,23263.0,1,10,3,1.0,0.0,1.0,,0.0,8,6,419,1,,6.0,1.5,1.5,2.0,212.0,212.0,212.0,212.0,212.0,212.0,,19928.0,43.0,2000.0,12.0,7.0,,,,,,,,,,,,19928.0,,,1,1,1,212.0,212.0,,100.0,,,,,1,0,,,,,,,1,3500.0,2.0,3500.0,2.0,,,,,1,0.0,,,1.0,318.0,5.0,4.0,,,,,,,,,,200.0,,,419,1.0,,,4,18116.3636363636,,0.0,,,,,,,,6,212.0,,,,212.0,,,212.0,212.0,212.0,1,1.0
3045056000993427,3,4,50,56,99,3427,0,,,,,,,,,,,,,,,,0.0,0.0,0.0,23263.0,1114,667.0,447.0,1.0,1.0,,89.0,52.0,37.0,1024.0,614.0,410.0,1.0,,,4,1.0,0,,20.0,1,57,5,4,0,1,1,23263.0,1,10,3,1.0,0.0,1.0,,0.0,9,7,419,1,,6.0,1.5,1.5,2.0,22.0,22.0,22.0,22.0,22.0,22.0,,2105.0,43.0,2000.0,12.0,7.0,,,,,,,,,,,,2105.0,,,1,1,1,22.0,22.0,,100.0,,,,,1,0,,,,,,,1,112.0,2.0,112.0,2.0,,,,,1,0.0,,,1.0,33.75,5.0,4.0,,,,,,,,,,45.0,,,419,1.0,,,4,1913.63636363636,,0.0,,,,,,,,6,22.0,,,,22.0,,,22.0,22.0,22.0,1,1.0
3045056000993427,3,4,50,56,99,3427,0,,,,,,,,,,,,,,,,0.0,0.0,0.0,23263.0,1114,667.0,447.0,1.0,1.0,,89.0,52.0,37.0,1024.0,614.0,410.0,1.0,,,4,1.0,0,,20.0,1,57,5,4,0,1,1,23263.0,1,10,3,1.0,0.0,1.0,,0.0,10,8,419,1,,6.0,1.5,1.5,2.0,22808.0,22808.0,22808.0,22808.0,22808.0,22808.0,,2143999.0,43.0,2000.0,12.0,7.0,,,,,,,,,,,,2143999.0,,,1,1,1,22808.0,22808.0,,100.0,,,,,1,0,,,,,,,1,136851.0,2.0,136851.0,2.0,,,,,1,0.0,,,1.0,34212.75,5.0,4.0,,,,,,,,,,424.0,,,419,1.0,,,4,1949090.0,,0.0,,,,,,,,6,22808.0,,,,22808.0,,,22808.0,22808.0,22808.0,1,1.0
3045156000993465,3,4,51,56,99,3465,1,1.0,1.0,1.0,1.0,1.0,1.0,0.0,0.0,0.0,0.0,0.0,0.0,0.0,1.0,EL BANCO DEL PICHINCHA,1.0,1.0,1.0,100.25,6,6.0,,1.0,1.0,,5.0,5.0,,,,,1.0,,,4,1.0,0,,23.0,1,40,4,3,1,1,1,100.25,1,9,2,0.0,0.0,0.0,,0.0,1,1,419,1,,5.0,1.5,1.5,3.0,100.0,100.0,100.0,100.0,100.0,100.0,,7000.0,43.0,2000.0,12.0,7.0,7000.0,43.0,2000.0,12.0,100.0,,,,,,,,,,1,0,1,100.0,100.0,100.0,,,,,,1,0,,,,,,,1,4000.0,2.0,,,,,,,1,0.0,,,1.0,500.0,2.0,2.0,,,,,,,,,,,,,419,1.0,,,4,6363.6363636363585,6363.6363636363585,0.0,,,,,,,,5,100.0,,,,,100.0,,100.0,100.0,100.0,1,1.0
3045156000993467,3,4,51,56,99,3467,1,1.0,1.0,1.0,1.0,0.0,0.0,1.0,0.0,0.0,0.0,0.0,0.0,0.0,0.0,,1.0,,,40.0,7,6.0,1.0,1.0,1.0,,1.0,1.0,,5.0,4.0,1.0,1.0,,,4,1.0,0,,1.0,1,70,4,3,0,1,1,40.0,1,7,4,0.0,0.0,0.0,,1.0,1,1,419,1,,1.0,1.0,1.0,1.0,40.0,40.0,40.0,40.0,40.0,40.0,,3600.0,43.0,2000.0,12.0,7.0,3600.0,43.0,2000.0,12.0,100.0,,,,,,,,,,0,0,1,40.0,40.0,100.0,,,,,,1,0,,,,,,,1,480.0,2.0,480.0,2.0,480.0,2.0,,,1,1.0,480.0,5.0,1.0,200.0,5.0,2.0,200.0,5.0,2.0,,,,,,,5.0,,,419,1.0,,,4,3272.72727272727,3272.72727272727,0.0,,,,,,,,1,40.0,,,40.0,,,,40.0,40.0,40.0,1,1.0
3045256000993464,3,4,52,56,99,3464,0,,,,,,,,,,,,,,,,0.0,0.0,0.0,60.5,31,31.0,,1.0,1.0,,5.0,5.0,,25.0,25.0,,1.0,,,4,1.0,1,1.0,,1,37,4,1,0,1,1,60.5,1,8,2,0.0,0.0,0.0,,0.0,1,1,419,1,,10.0,1.5,1.5,2.0,60.0,60.0,60.0,60.0,60.0,60.0,,5640.0,43.0,2000.0,12.0,7.0,5640.0,43.0,2000.0,12.0,100.0,,,,,,,,,,1,1,1,60.0,60.0,100.0,,,,,,1,0,,,,,,,1,400.0,3.0,400.0,3.0,,,,,1,0.0,,,1.0,225.0,5.0,2.0,60.0,2.0,5.0,240.0,5.0,2.0,,,,25.0,,,419,1.0,,,4,5127.27272727273,5127.27272727273,0.0,,,,,,,,10,,60.0,,,60.0,,,60.0,60.0,60.0,1,1.0
9015356000993441,9,1,53,56,99,3441,0,,,,,,,,,,,,,,,,0.0,0.0,0.0,2500.0,201,201.0,,1.0,1.0,,150.0,150.0,,50.0,50.0,,,2.0,,4,1.0,0,,150.0,1,99,4,3,0,0,0,2500.0,1,10,6,0.0,0.0,,,0.0,1,1,419,1,,6.0,0.5,0.75,2.0,1200.0,1200.0,1200.0,1200.0,1200.0,1200.0,,180000.0,44.0,2200.0,12.0,7.0,180000.0,44.0,2200.0,12.0,100.0,,,,,,,,,,0,0,1,1200.0,1200.0,,,,100.0,,,1,0,,,,,,,1,120000.0,2.0,,,,,,,1,0.0,,,1.0,900.0,5.0,3.0,300.0,5.0,3.0,,,,,,,50.0,,,419,,2.0,,4,180000.0,180000.0,0.0,,,,,,,,6,1200.0,,,,1200.0,,,1200.0,1200.0,1200.0,1,1.0
9045061000992407,9,4,50,61,99,2407,0,,,,,,,,,,,,,,,,0.0,0.0,0.0,250.0,5,5.0,,2.0,2.0,,3.0,3.0,,,,,,2.0,,4,1.0,1,1.0,,1,58,4,2,0,1,1,250.0,1,10,3,0.0,0.0,1.0,0.0,1.0,1,1,419,1,,1.0,2.0,1.0,1.0,1.0,1.0,1.0,1.0,1.0,1.0,,900.0,35.0,100.0,12.0,1.0,,,,,,,,,,900.0,,,,,0,0,0,,,,,,,,,1,0,,,,,,,1,2.0,3.0,,,,,,,1,0.0,,,1.0,1.5,5.0,4.0,,,,,,,,,,,,,419,,2.0,,4,40.9090909090909,,0.0,,,,,,,,1,1.0,,,1.0,,,,,1.0,1.0,1,1.0
9055061000993218,9,5,50,61,99,3218,1,1.0,0.0,1.0,1.0,1.0,1.0,0.0,0.0,0.0,0.0,0.0,0.0,0.0,0.0,,1.0,1.0,1.0,150.0,3,2.0,1.0,2.0,1.0,1.0,1.0,1.0,,,,,,2.0,,4,1.0,1,1.0,,0,55,4,2,0,1,1,150.0,1,9,3,0.0,0.0,,,0.0,3,2,419,1,,1.0,3.0,3.0,2.0,0.25,0.25,0.25,0.25,0.25,0.25,,250.0,35.0,100.0,12.0,7.0,,,,,,,,,,250.0,,,,,0,0,1,0.25,0.25,,100.0,,,,,0,0,,,,,,,0,,,,,,,,,0,0.0,,,0.0,,,,,,,,,,,,,,,,419,,2.0,,4,11.3636363636364,,0.0,,,,,,,,1,0.25,,,,0.25,,,0.25,,,1,1.0
9075056000993466,9,7,50,56,99,3466,0,,,,,,,,,,,,,,,,0.0,0.0,0.0,170.0,37,37.0,,1.0,1.0,,6.0,6.0,,30.0,30.0,,,2.0,,4,1.0,0,,10.0,1,99,4,3,0,0,0,170.0,1,9,6,0.0,0.0,0.0,,0.0,1,1,419,1,,6.0,1.5,1.5,2.0,169.25,169.25,169.25,169.25,169.25,169.25,,15232.0,44.0,2200.0,12.0,7.0,15232.0,44.0,2200.0,12.0,100.0,,,,,,,,,,0,0,1,169.25,169.25,100.0,,,,,,1,0,,,,,,,1,22002.0,2.0,10155.0,2.0,,,10555.0,2.0,1,0.0,,,1.0,1692.5,5.0,3.0,,,,,,,,,,30.0,,,419,,2.0,,4,15232.0,15232.0,0.0,,,,,,,,6,169.25,,,,169.25,,,169.25,169.25,169.25,1,1.0
9095056000993432,9,9,50,56,99,3432,1,1.0,1.0,1.0,1.0,1.0,1.0,1.0,1.0,1.0,1.0,1.0,1.0,1.0,0.0,,1.0,1.0,1.0,1370.0,64,64.0,,1.0,1.0,,1.0,1.0,,62.0,62.0,,,2.0,,4,1.0,0,,99.0,1,45,4,3,0,1,1,1370.0,1,10,3,0.0,0.0,,,0.0,1,1,419,1,,3.0,1.0,1.0,4.0,1096.0,1096.0,1096.0,1096.0,1096.0,1096.0,,120225.0,43.0,2000.0,12.0,2.0,120225.0,43.0,2000.0,12.0,100.0,,,,,,,,,,0,0,1,1096.0,1096.0,20.0,80.0,,,,,1,0,,,,,,,1,,,3340.0,3.0,4460.0,3.0,1110.0,3.0,1,0.0,,,1.0,8800.0,5.0,3.0,,,,,,,,,,,,,419,,2.0,,4,109295.454545455,109295.454545455,0.0,,,,,,,,3,1096.0,,,,,,1096.0,1096.0,1096.0,1096.0,1,1.0
9095056000993432,9,9,50,56,99,3432,1,1.0,1.0,1.0,1.0,1.0,1.0,1.0,1.0,1.0,1.0,1.0,1.0,1.0,0.0,,1.0,1.0,1.0,1370.0,64,64.0,,1.0,1.0,,1.0,1.0,,62.0,62.0,,,2.0,,4,1.0,0,,99.0,1,45,4,3,0,1,1,1370.0,1,10,3,0.0,0.0,,,0.0,3,2,419,1,,3.0,1.0,1.0,4.0,254.0,254.0,254.0,254.0,254.0,254.0,,28203.0,43.0,2000.0,12.0,2.0,28203.0,43.0,2000.0,12.0,100.0,,,,,,,,,,0,0,1,254.0,254.0,20.0,80.0,,,,,1,0,,,,,,,1,,,774.0,3.0,1050.0,3.0,255.0,3.0,1,0.0,,,1.0,2040.0,5.0,3.0,,,,,,,,,,,,,419,,2.0,,4,25639.090909090897,25639.090909090897,0.0,,,,,,,,3,254.0,,,,,,254.0,254.0,254.0,254.0,1,1.0
9095056000993450,9,9,50,56,99,3450,0,,,,,,,,,,,,,,,,0.0,0.0,0.0,520.0,2,1.0,1.0,1.0,,1.0,1.0,1.0,,,,,,2.0,,4,1.0,0,,99.0,1,68,4,2,0,1,1,520.0,1,10,4,0.0,0.0,,,0.0,1,1,419,1,,6.0,0.5,1.8,1.0,519.98,519.98,519.98,519.98,519.98,519.98,,41520.0,44.0,2200.0,12.0,1.0,41520.0,44.0,2200.0,12.0,100.0,,,,,,,,,,0,0,1,208.0,208.0,,100.0,,,,,1,0,,,,,,,1,3114.0,3.0,,,,,,,1,0.0,,,1.0,3114.0,5.0,2.0,,,,,,,,,,,,,419,,2.0,,4,41520.0,41520.0,0.0,,,,,,,,6,519.98,,,519.98,,,,519.98,519.98,519.98,1,1.0
9095056000993451,9,9,50,56,99,3451,0,,,,,,,,,,,,,,,,0.0,0.0,0.0,290.0,30,30.0,,1.0,1.0,,4.0,4.0,,25.0,25.0,,,2.0,,4,1.0,0,,99.0,1,59,4,3,0,1,1,290.0,1,10,3,0.0,0.0,,,0.0,1,1,419,1,,5.0,0.9,0.5,3.0,270.0,270.0,270.0,270.0,270.0,270.0,,18900.0,44.0,2200.0,12.0,7.0,18900.0,44.0,2200.0,12.0,100.0,,,,,,,,,,0,0,1,250.0,250.0,100.0,,,,,,1,0,,,,,,,1,1620.0,3.0,,,,,,,1,0.0,,,1.0,135.0,5.0,3.0,,,,,,,,,,,,,419,,2.0,,4,18900.0,18900.0,0.0,,,,,,,,5,270.0,,,,,270.0,,270.0,270.0,270.0,1,1.0
9095056000993456,9,9,50,56,99,3456,0,,,,,,,,,,,,,,,,0.0,0.0,0.0,250.0,25,25.0,,1.0,1.0,,4.0,4.0,,20.0,20.0,,,2.0,,4,1.0,0,,99.0,1,63,4,3,0,1,1,250.0,1,10,4,0.0,0.0,,,0.0,1,1,419,1,,4.0,0.9,0.5,3.0,250.0,250.0,250.0,250.0,250.0,250.0,,17500.0,44.0,2200.0,12.0,7.0,17500.0,44.0,2200.0,12.0,100.0,,,,,,,,,,0,0,1,250.0,250.0,100.0,,,,,,1,0,,,,,,,1,1500.0,3.0,,,,,,,1,0.0,,,1.0,125.0,5.0,3.0,,,,,,,,,,,,,419,,2.0,,4,17500.0,17500.0,0.0,,,,,,,,4,250.0,,,,,250.0,,250.0,250.0,250.0,1,1.0
9095056000993474,9,9,50,56,99,3474,0,,,,,,,,,,,,,,,,0.0,0.0,0.0,200.0,13,12.0,1.0,1.0,,1.0,12.0,12.0,,,,,,2.0,,4,1.0,1,1.0,,0,99,4,3,0,1,1,200.0,1,10,6,0.0,0.0,,,0.0,1,1,419,1,,7.0,1.5,1.5,2.0,110.0,110.0,110.0,110.0,110.0,110.0,,6600.0,44.0,2200.0,12.0,5.0,6600.0,44.0,2200.0,12.0,100.0,,,,,,,,,,0,0,1,110.0,110.0,100.0,,,,,,1,0,,,,,,,1,,,1500.0,3.0,,,,,1,0.0,,,1.0,990.0,5.0,4.0,,,,,,,,,,,,,419,,2.0,,4,6600.0,6600.0,0.0,,,,,,,,7,110.0,,,,110.0,,,110.0,110.0,110.0,1,1.0
9095056000993481,9,9,50,56,99,3481,1,1.0,1.0,1.0,1.0,1.0,1.0,0.0,0.0,0.0,0.0,0.0,0.0,0.0,0.0,,1.0,1.0,1.0,1135.63,121,121.0,,1.0,1.0,,120.0,120.0,,,,,,2.0,,4,1.0,0,,99.0,1,45,4,3,0,1,1,1135.63,1,10,3,0.0,0.0,1.0,,0.0,1,1,419,1,,7.0,1.6,1.6,3.0,1135.65,1135.65,1135.65,1135.65,1135.65,1135.65,,53938.0,44.0,2200.0,12.0,2.0,53938.0,44.0,2200.0,12.0,100.0,,,,,,,,,,0,0,1,906.41,906.41,100.0,,,,,,1,0,,,,,,,1,,,51106.05,2.0,79320.41,2.0,11876.95,2.0,1,0.0,,,1.0,16230.5,5.0,3.0,,,,,,,,,,,,,419,,2.0,,4,53938.0,53938.0,0.0,,,,,,,,7,1135.65,,,,,1135.65,,1135.65,1135.65,1135.65,1,1.0
9105056000993426,9,10,50,56,99,3426,0,,,,,,,,,,,,,,,,0.0,0.0,0.0,22002.0,803,803.0,,1.0,1.0,,802.0,802.0,,,,,,2.0,,4,1.0,0,,99.0,1,54,4,4,0,1,1,22002.0,1,10,3,1.0,1.0,1.0,,0.0,1,1,419,1,,5.0,1.0,1.0,1.0,10000.0,10000.0,10000.0,10000.0,10000.0,10000.0,,912000.0,44.0,2200.0,12.0,7.0,0.0,,,,,,,,,,,912000.0,,,1,0,1,10000.0,10000.0,,20.0,,80.0,,,1,0,,,,,,,1,3000000.0,2.0,,,,,,,0,0.0,,,0.0,,,,,,,,,,,,,,,,419,,2.0,,4,912000.0,0.0,0.0,,,,,,,,5,10000.0,,,10000.0,,,,10000.0,10000.0,,1,1.0
9105056000993426,9,10,50,56,99,3426,0,,,,,,,,,,,,,,,,0.0,0.0,0.0,22002.0,803,803.0,,1.0,1.0,,802.0,802.0,,,,,,2.0,,4,1.0,0,,99.0,1,54,4,4,0,1,1,22002.0,1,10,3,1.0,1.0,1.0,,0.0,2,2,419,1,,5.0,1.0,1.0,1.0,12000.0,12000.0,12000.0,12000.0,12000.0,12000.0,,957000.0,44.0,2200.0,12.0,7.0,0.0,,,,,,,,,,,957000.0,,,1,0,1,1200.0,1200.0,,20.0,,80.0,,,1,0,,,,,,,1,3600000.0,2.0,,,,,,,0,0.0,,,0.0,,,,,,,,,,,,,,,,419,,2.0,,4,957000.0,0.0,0.0,,,,,,,,5,12000.0,,,12000.0,,,,12000.0,12000.0,,1,1.0
9115256000993437,9,11,52,56,99,3437,1,1.0,1.0,1.0,1.0,1.0,1.0,0.0,0.0,0.0,0.0,0.0,0.0,0.0,0.0,,1.0,1.0,1.0,1048.92,247,247.0,,1.0,1.0,,246.0,246.0,,,,,,2.0,,4,1.0,0,,99.0,1,45,4,3,0,1,1,1048.92,1,10,3,0.0,0.0,1.0,,0.0,1,1,419,1,,1.0,1.6,1.6,3.0,1048.92,1048.92,1048.92,1048.92,1048.92,1048.92,,65493.0,44.0,2200.0,12.0,2.0,0.0,,,,,,,,,,,65493.0,,,0,0,1,1048.92,1048.92,30.0,70.0,,,,,1,0,,,,,,,1,,,47568.52,2.0,45554.6,2.0,103392.04,2.0,1,0.0,,,1.0,15733.8,5.0,3.0,,,,,,,,,,,,,419,,2.0,,4,65493.0,0.0,0.0,,,,,,,,1,1048.92,,,,,1048.92,,1048.92,1048.92,1048.92,1,1.0
9115257000992279,9,11,52,57,99,2279,1,1.0,1.0,1.0,1.0,1.0,1.0,0.0,0.0,0.0,0.0,0.0,0.0,0.0,0.0,,1.0,1.0,1.0,587.0,115,65.0,50.0,1.0,1.0,,,,,114.0,64.0,50.0,,2.0,,4,1.0,0,,99.0,1,46,4,2,0,0,0,587.0,1,10,3,0.0,0.0,,,0.0,3,3,419,1,,5.0,1.5,1.5,1.0,20.0,20.0,20.0,20.0,20.0,20.0,,1400.0,44.0,2200.0,12.0,7.0,1400.0,44.0,2200.0,12.0,100.0,,,,,,,,,,0,0,1,20.0,20.0,100.0,,,,,,1,0,,,,,,,1,,,40.0,3.0,10.0,3.0,10.0,3.0,1,0.0,,,1.0,100.0,5.0,4.0,,,,,,,,,,,,,419,,2.0,,4,1400.0,1400.0,0.0,,,,,,,,5,20.0,,,20.0,,,,20.0,20.0,20.0,1,1.0
9115257000992279,9,11,52,57,99,2279,1,1.0,1.0,1.0,1.0,1.0,1.0,0.0,0.0,0.0,0.0,0.0,0.0,0.0,0.0,,1.0,1.0,1.0,587.0,115,65.0,50.0,1.0,1.0,,,,,114.0,64.0,50.0,,2.0,,4,1.0,0,,99.0,1,46,4,2,0,0,0,587.0,1,10,3,0.0,0.0,,,0.0,15,14,419,1,,5.0,1.5,1.5,1.0,150.0,150.0,150.0,150.0,150.0,150.0,,10500.0,44.0,2200.0,12.0,7.0,10500.0,44.0,2200.0,12.0,100.0,,,,,,,,,,0,0,1,150.0,150.0,100.0,,,,,,1,0,,,,,,,1,,,300.0,3.0,75.0,3.0,75.0,3.0,1,0.0,,,1.0,750.0,5.0,4.0,,,,,,,,,,,,,419,,2.0,,4,10500.0,10500.0,0.0,,,,,,,,5,150.0,,,150.0,,,,150.0,150.0,150.0,1,1.0
9115259000990572,9,11,52,59,99,572,1,1.0,1.0,1.0,1.0,1.0,1.0,0.0,0.0,0.0,0.0,0.0,0.0,0.0,0.0,,1.0,1.0,1.0,259.0,71,61.0,10.0,1.0,1.0,,40.0,30.0,10.0,30.0,30.0,,,2.0,,4,1.0,0,,2.0,1,63,4,3,0,1,1,259.0,1,10,4,0.0,0.0,1.0,,0.0,1,1,419,1,,15.0,1.5,1.5,1.0,243.0,243.0,243.0,243.0,243.0,243.0,,14580.0,44.0,2200.0,12.0,2.0,14580.0,44.0,2200.0,12.0,100.0,,,,,,,,,,0,0,1,243.0,243.0,100.0,,,,,,1,0,,,,,,,1,1701.0,3.0,,,,,,,1,0.0,,,1.0,729.0,5.0,3.0,,,,,,,,,,,,,419,,2.0,,4,14580.0,14580.0,0.0,,,,,,,,15,,243.0,,243.0,,,,243.0,243.0,243.0,1,1.0
9115361000992682,9,11,53,61,99,2682,0,,,,,,,,,,,,,,,,0.0,0.0,0.0,385.51,27,27.0,,1.0,1.0,,6.0,6.0,,20.0,20.0,,,2.0,,4,1.0,0,,99.0,1,53,4,3,0,1,1,385.51,1,10,3,0.0,0.0,1.0,,0.0,2,1,419,1,,5.0,1.5,1.5,3.0,203.0,203.0,203.0,203.0,203.0,203.0,,14210.0,44.0,2200.0,12.0,2.0,14210.0,44.0,2200.0,12.0,100.0,,,,,,,,,,0,0,1,203.0,203.0,100.0,,,,,,1,0,,,,,,,1,,,609.0,3.0,609.0,3.0,609.0,3.0,1,0.0,,,1.0,203.0,5.0,2.0,,,,,,,,,,,,,419,,2.0,,4,14210.0,14210.0,0.0,,,,,,,,5,203.0,,,,,203.0,,203.0,203.0,203.0,1,1.0
9115451000993403,9,11,54,51,99,3403,0,,,,,,,,,,,,,,,,0.0,0.0,0.0,430.0,22,22.0,,1.0,1.0,,6.0,6.0,,15.0,15.0,,,2.0,,4,1.0,0,,200.0,1,28,4,3,0,0,0,430.0,1,10,2,0.0,0.0,0.0,,1.0,1,1,419,1,,4.0,1.5,1.5,2.0,375.0,375.0,375.0,375.0,375.0,375.0,,33750.0,44.0,2200.0,12.0,7.0,33750.0,44.0,2200.0,12.0,100.0,,,,,,,,,,0,0,1,375.0,375.0,100.0,,,,,,1,1,,,11250.0,1.0,1875.0,1.0,1,67500.0,2.0,11250.0,2.0,11250.0,2.0,,,1,0.0,,,1.0,2250.0,5.0,3.0,,,,,,,,,,15.0,,,419,,2.0,,4,33750.0,33750.0,0.0,,,,,,,,4,375.0,,,,375.0,,,375.0,375.0,375.0,1,1.0
9115452000990185,9,11,54,52,99,185,0,,,,,,,,,,,,,,,,0.0,0.0,0.0,120.0,14,13.0,1.0,1.0,,1.0,3.0,3.0,,10.0,10.0,,,2.0,,4,1.0,0,,45.0,0,99,4,3,0,1,1,120.0,1,9,6,0.0,0.0,,,0.0,1,1,419,1,,4.0,1.6,1.6,2.0,120.0,120.0,120.0,120.0,120.0,120.0,,6000.0,44.0,2200.0,12.0,7.0,6000.0,44.0,2200.0,12.0,100.0,,,,,,,,,,1,0,1,120.0,120.0,100.0,,,,,,1,0,,,,,,,1,1320.0,2.0,,,6000.0,2.0,6000.0,2.0,1,0.0,,,1.0,720.0,5.0,1.0,240.0,5.0,1.0,,,,,,,10.0,,,419,,2.0,,4,6000.0,6000.0,0.0,,,,,,,,4,120.0,,,,120.0,,,120.0,120.0,120.0,1,1.0
9115456000993425,9,11,54,56,99,3425,1,1.0,1.0,1.0,1.0,1.0,1.0,0.0,0.0,0.0,0.0,0.0,0.0,0.0,0.0,,1.0,1.0,1.0,964.0,21,21.0,,1.0,1.0,,6.0,6.0,,14.0,14.0,,,2.0,,4,1.0,0,,50.0,1,99,4,3,0,0,0,964.0,1,10,6,0.0,0.0,0.0,,0.0,1,1,419,1,,6.0,1.6,1.6,2.0,654.0,654.0,654.0,654.0,654.0,654.0,,48396.0,44.0,2200.0,12.0,7.0,48396.0,44.0,2200.0,12.0,100.0,,,,,,,,,,0,0,1,654.0,654.0,,100.0,,,,,1,0,,,,,,,1,39240.0,2.0,26160.0,2.0,,,26160.0,2.0,1,0.0,,,1.0,1962.0,5.0,2.0,327.0,5.0,2.0,,,,,,,14.0,,,419,,2.0,,4,48396.0,48396.0,0.0,,,,,,,,6,654.0,,,,654.0,,,654.0,654.0,654.0,1,1.0
9115456000993430,9,11,54,56,99,3430,0,,,,,,,,,,,,,,,,0.0,0.0,0.0,964.0,36,36.0,,1.0,1.0,,4.0,4.0,,31.0,31.0,,,2.0,,4,1.0,0,,50.0,1,99,4,3,0,0,0,964.0,1,10,6,0.0,0.0,0.0,,0.0,1,1,419,1,,3.0,1.5,1.5,2.0,784.0,784.0,784.0,784.0,784.0,784.0,,54880.0,44.0,2200.0,12.0,7.0,54880.0,44.0,2200.0,12.0,100.0,,,,,,,,,,1,0,1,784.0,784.0,100.0,,,,,,1,0,,,,,,,1,70560.0,2.0,23520.0,2.0,23520.0,2.0,,,1,0.0,,,1.0,5096.0,5.0,2.0,2352.0,2.0,1.0,,,,,,,31.0,,,419,,2.0,,4,54880.0,54880.0,0.0,,,,,,,,3,784.0,,,,784.0,,,784.0,784.0,784.0,1,1.0
9115456000993431,9,11,54,56,99,3431,0,,,,,,,,,,,,,,,,0.0,0.0,0.0,965.0,83,83.0,,1.0,1.0,,22.0,22.0,,60.0,60.0,,,2.0,,4,1.0,0,,55.0,1,99,4,3,0,0,0,965.0,1,10,6,0.0,0.0,0.0,,0.0,1,1,419,1,,6.0,1.5,1.5,2.0,781.0,781.0,781.0,781.0,781.0,781.0,,54670.0,44.0,2200.0,12.0,7.0,54670.0,44.0,2200.0,12.0,100.0,,,,,,,,,,0,0,1,781.0,781.0,100.0,,,,,,1,0,,,,,,,1,,,54670.0,2.0,85910.0,2.0,54670.0,2.0,1,0.0,,,1.0,4686.0,5.0,3.0,1171.5,5.0,2.0,,,,,,,60.0,,,419,,2.0,,4,54670.0,54670.0,0.0,,,,,,,,6,781.0,,,,781.0,,,781.0,781.0,781.0,1,1.0
9115456000993438,9,11,54,56,99,3438,1,1.0,1.0,1.0,1.0,1.0,1.0,0.0,0.0,0.0,0.0,0.0,0.0,0.0,0.0,,1.0,1.0,1.0,28.0,7,7.0,,1.0,1.0,,3.0,3.0,,3.0,3.0,,,2.0,,4,1.0,0,,2.0,1,99,4,3,0,1,1,28.0,1,7,6,0.0,0.0,1.0,,1.0,1,1,419,1,,8.0,1.5,1.5,2.0,28.0,28.0,28.0,28.0,28.0,28.0,,2100.0,44.0,2200.0,12.0,7.0,2100.0,44.0,2200.0,12.0,100.0,,,,,,,,,,0,0,1,28.0,28.0,100.0,,,,,,1,0,,,,,,,1,,,8400.0,2.0,4200.0,2.0,4200.0,2.0,1,0.0,,,1.0,84.0,5.0,2.0,,,,,,,,,,3.0,,,419,,2.0,,4,2100.0,2100.0,0.0,,,,,,,,8,28.0,,,,28.0,,,28.0,28.0,28.0,1,1.0
9115456000993440,9,11,54,56,99,3440,0,,,,,,,,,,,,,,,,0.0,0.0,0.0,500.0,36,36.0,,1.0,1.0,,11.0,11.0,,24.0,24.0,,,2.0,,4,1.0,0,,60.0,1,50,4,3,0,0,0,500.0,1,10,3,0.0,0.0,1.0,1.0,0.0,1,1,419,1,,10.0,1.5,1.5,2.0,400.0,400.0,400.0,400.0,400.0,400.0,,30000.0,44.0,2200.0,12.0,7.0,30000.0,44.0,2200.0,12.0,100.0,,,,,,,,,,0,0,1,400.0,400.0,100.0,,,,,,1,0,,,,,,,1,48000.0,2.0,24000.0,2.0,,,24000.0,2.0,1,0.0,,,1.0,2400.0,5.0,2.0,600.0,5.0,3.0,,,,,,,20.0,,,419,,2.0,,4,30000.0,30000.0,0.0,,,,,,,,10,,400.0,,,400.0,,,400.0,400.0,400.0,1,1.0
9115456000993447,9,11,54,56,99,3447,0,,,,,,,,,,,,,,,,0.0,0.0,0.0,325.0,6,6.0,,1.0,1.0,,3.0,3.0,,2.0,2.0,,,2.0,,4,1.0,0,,50.0,1,99,4,3,0,0,0,325.0,1,10,6,0.0,0.0,,,1.0,1,1,419,1,,4.0,1.5,1.5,2.0,294.0,294.0,294.0,294.0,294.0,294.0,,20286.0,44.0,2200.0,12.0,7.0,20286.0,44.0,2200.0,12.0,100.0,,,,,,,,,,0,0,1,294.0,294.0,100.0,,,,,,1,0,,,,,,,1,10352.0,2.0,10764.0,2.0,10764.0,2.0,10764.0,2.0,1,0.0,,,1.0,1176.0,5.0,1.0,235.2,5.0,1.0,,,,,,,2.0,,,419,,2.0,,4,20286.0,20286.0,0.0,,,,,,,,4,294.0,,,,294.0,,,294.0,294.0,294.0,1,1.0
9115456000993449,9,11,54,56,99,3449,0,,,,,,,,,,,,,,,,0.0,0.0,0.0,303.0,7,7.0,,1.0,1.0,,2.0,2.0,,4.0,4.0,,,2.0,,4,1.0,0,,60.0,1,79,5,4,0,0,0,303.0,1,10,4,0.0,0.0,0.0,,0.0,1,1,419,1,,7.0,1.5,1.5,1.0,250.0,250.0,250.0,250.0,250.0,250.0,,19000.0,44.0,2200.0,12.0,7.0,19000.0,44.0,2200.0,12.0,100.0,,,,,,,,,,0,0,1,250.0,250.0,100.0,,,,,,1,0,,,,,,,1,30000.0,2.0,,,,,,,1,0.0,,,1.0,2000.0,5.0,3.0,750.0,5.0,2.0,,,,,,,4.0,,,419,,2.0,,4,19000.0,19000.0,0.0,,,,,,,,7,250.0,,,250.0,,,,250.0,250.0,250.0,1,1.0
9115456000993457,9,11,54,56,99,3457,1,0.0,0.0,1.0,0.0,1.0,1.0,0.0,0.0,0.0,0.0,0.0,0.0,0.0,0.0,,,1.0,1.0,206.56,5,5.0,,1.0,1.0,,4.0,4.0,,,,,,2.0,,4,1.0,0,,100.0,1,99,4,6,0,0,0,206.56,1,10,6,0.0,0.0,0.0,,0.0,1,1,419,1,,6.0,1.5,1.5,2.0,204.56,204.56,204.56,204.56,204.56,204.56,,10228.0,44.0,2200.0,12.0,7.0,10228.0,44.0,2200.0,12.0,100.0,,,,,,,,,,0,0,1,204.56,204.56,100.0,,,,,,1,0,,,,,,,1,24547.0,2.0,8182.0,2.0,8182.0,2.0,,,1,0.0,,,1.0,1920.0,5.0,3.0,962.0,5.0,2.0,,,,,,,,,,419,,2.0,,4,10228.0,10228.0,0.0,,,,,,,,6,204.56,,,,204.56,,,204.56,204.56,204.56,1,1.0
9115456000993458,9,11,54,56,99,3458,0,,,,,,,,,,,,,,,,0.0,0.0,0.0,239.79,11,11.0,,1.0,1.0,,4.0,4.0,,6.0,6.0,,,2.0,,4,1.0,0,,50.0,1,99,4,3,0,0,0,239.79,1,10,6,0.0,0.0,,,0.0,1,1,419,1,,2.0,1.6,1.6,2.0,225.0,225.0,225.0,225.0,225.0,225.0,,17550.0,44.0,2200.0,12.0,7.0,17550.0,44.0,2200.0,12.0,100.0,,,,,,,,,,0,0,1,225.0,225.0,100.0,,,,,,1,0,,,,,,,1,13500.0,2.0,1600.0,2.0,1600.0,2.0,1600.0,2.0,1,0.0,,,1.0,281.25,5.0,2.0,270.0,5.0,2.0,,,,,,,6.0,,,419,,2.0,,4,17550.0,17550.0,0.0,,,,,,,,2,225.0,,,,225.0,,,225.0,225.0,225.0,1,1.0
9115456000993463,9,11,54,56,99,3463,0,,,,,,,,,,,,,,,,0.0,0.0,0.0,166.0,57,57.0,,1.0,1.0,,16.0,16.0,,40.0,40.0,,,2.0,,4,1.0,0,,50.0,1,99,4,2,0,0,0,166.0,1,9,6,0.0,0.0,1.0,,1.0,1,1,419,1,,8.0,1.5,1.5,2.0,165.0,165.0,165.0,165.0,165.0,165.0,,14850.0,44.0,2200.0,12.0,7.0,14850.0,44.0,2200.0,12.0,100.0,,,,,,,,,,1,0,1,165.0,165.0,100.0,,,,,,1,0,,,,,,,1,2145.0,2.0,1485.0,2.0,1485.0,2.0,,,1,0.0,,,1.0,198.0,5.0,2.0,49.5,5.0,2.0,,,,,,,40.0,,,419,,2.0,,4,14850.0,14850.0,0.0,,,,,,,,8,165.0,,,,165.0,,,165.0,165.0,165.0,1,1.0
9115456000993469,9,11,54,56,99,3469,0,,,,,,,,,,,,,,,,0.0,0.0,0.0,250.0,15,15.0,,1.0,1.0,,14.0,14.0,,,,,,2.0,,4,1.0,0,,40.0,1,99,4,3,0,0,0,250.0,1,10,6,0.0,0.0,0.0,,0.0,1,1,419,1,,4.0,1.5,1.5,2.0,224.0,224.0,224.0,224.0,224.0,224.0,,16128.0,44.0,2200.0,12.0,7.0,16128.0,44.0,2200.0,12.0,100.0,,,,,,,,,,1,0,1,224.0,224.0,100.0,,,,,,1,0,,,,,,,1,13440.0,2.0,22400.0,2.0,22400.0,2.0,,,1,0.0,,,1.0,1232.0,5.0,2.0,672.0,5.0,2.0,,,,,,,,,,419,,2.0,,4,16128.0,16128.0,0.0,,,,,,,,4,224.0,,,,224.0,,,224.0,224.0,224.0,1,1.0
9115456000993471,9,11,54,56,99,3471,0,,,,,,,,,,,,,,,,0.0,0.0,0.0,140.0,12,12.0,,1.0,1.0,,3.0,3.0,,8.0,8.0,,,2.0,,4,1.0,0,,80.0,1,99,4,3,0,0,0,140.0,1,9,6,0.0,0.0,0.0,,0.0,1,1,419,1,,3.0,1.5,1.5,2.0,120.0,120.0,120.0,120.0,120.0,120.0,,9600.0,44.0,2200.0,12.0,7.0,9600.0,44.0,2200.0,12.0,100.0,,,,,,,,,,0,0,1,120.0,120.0,100.0,,,,,,1,0,,,,,,,1,14400.0,2.0,6000.0,2.0,,,6000.0,2.0,1,0.0,,,1.0,480.0,5.0,2.0,35.0,5.0,2.0,,,,,,,8.0,,,419,,2.0,,4,9600.0,9600.0,0.0,,,,,,,,3,120.0,,,,120.0,,,120.0,120.0,120.0,1,1.0
9115456000993476,9,11,54,56,99,3476,0,,,,,,,,,,,,,,,,0.0,0.0,0.0,160.0,12,12.0,,1.0,1.0,,3.0,3.0,,8.0,8.0,,,2.0,,4,1.0,0,,300.0,1,99,4,2,0,0,0,160.0,1,9,6,0.0,0.0,0.0,,0.0,1,1,419,1,,10.0,1.5,1.5,2.0,154.0,154.0,154.0,154.0,154.0,154.0,,12320.0,44.0,2200.0,12.0,7.0,12320.0,44.0,2200.0,12.0,100.0,,,,,,,,,,0,0,1,154.0,154.0,100.0,,,,,,1,0,,,,,,,1,16940.0,2.0,,,,,,,1,0.0,,,1.0,616.0,5.0,2.0,231.0,5.0,2.0,,,,,,,8.0,,,419,,2.0,,4,12320.0,12320.0,0.0,,,,,,,,10,,154.0,,,154.0,,,154.0,154.0,154.0,1,1.0
9115456000993480,9,11,54,56,99,3480,0,,,,,,,,,,,,,,,,0.0,0.0,0.0,130.0,7,7.0,,1.0,1.0,,4.0,4.0,,2.0,2.0,,,2.0,,4,1.0,0,,20.0,1,99,4,3,0,0,0,130.0,1,9,6,0.0,0.0,0.0,,0.0,2,2,419,1,,4.0,1.5,1.5,2.0,128.0,128.0,128.0,128.0,128.0,128.0,,10240.0,44.0,2200.0,12.0,7.0,10240.0,44.0,2200.0,12.0,100.0,,,,,,,,,,0,0,1,128.0,128.0,100.0,,,,,,1,0,,,,,,,1,14580.0,2.0,,,,,,,1,0.0,,,1.0,416.0,5.0,3.0,90.0,5.0,3.0,,,,,,,3.0,,,419,,2.0,,4,10240.0,10240.0,0.0,,,,,,,,4,128.0,,,,128.0,,,128.0,128.0,128.0,1,1.0
9125056000993454,9,12,50,56,99,3454,1,0.0,1.0,1.0,0.0,0.0,0.0,0.0,0.0,0.0,0.0,0.0,0.0,0.0,0.0,,,,,110.1,13,12.0,1.0,1.0,,1.0,2.0,2.0,,10.0,10.0,,,2.0,,4,1.0,0,,99.0,0,69,4,2,0,1,1,110.1,1,9,4,0.0,0.0,,,0.0,1,1,419,1,,1.0,3.0,1.5,1.0,95.5,95.5,95.5,95.5,95.5,95.5,,7640.0,44.0,2200.0,12.0,7.0,7640.0,44.0,2200.0,12.0,100.0,,,,,,,,,,0,0,1,95.5,95.5,100.0,,,,,,1,0,,,,,,,1,57300.0,2.0,,,,,,,1,0.0,,,1.0,573.0,5.0,2.0,,,,,,,,,,,,,419,,2.0,,4,7640.0,7640.0,0.0,,,,,,,,1,95.5,,,95.5,,,,95.5,95.5,95.5,1,1.0
9125056000993455,9,12,50,56,99,3455,0,,,,,,,,,,,,,,,,0.0,0.0,0.0,70.0,12,12.0,,1.0,1.0,,1.0,1.0,,10.0,10.0,,,2.0,,4,1.0,0,,99.0,1,60,4,3,0,1,1,70.0,1,8,3,0.0,0.0,,,0.0,1,1,419,1,,10.0,1.5,1.5,1.0,65.0,65.0,65.0,65.0,65.0,65.0,,6175.0,44.0,2200.0,12.0,7.0,6175.0,44.0,2200.0,12.0,100.0,,,,,,,,,,0,0,1,65.0,65.0,100.0,,,,,,1,0,,,,,,,1,45500.0,2.0,,,,,,,1,0.0,,,1.0,1267.5,5.0,2.0,,,,,,,,,,,,,419,,2.0,,4,6175.0,6175.0,0.0,,,,,,,,10,,65.0,,65.0,,,,65.0,65.0,65.0,1,1.0
9125056000993472,9,12,50,56,99,3472,0,,,,,,,,,,,,,,,,0.0,0.0,0.0,55.0,12,12.0,,1.0,1.0,,1.0,1.0,,10.0,10.0,,,2.0,,4,1.0,0,,99.0,1,40,4,4,0,1,1,55.0,1,8,2,0.0,0.0,,,0.0,1,1,419,1,,5.0,1.0,1.0,2.0,43.0,43.0,43.0,43.0,43.0,43.0,,1290.0,44.0,2200.0,12.0,5.0,1290.0,44.0,2200.0,12.0,100.0,,,,,,,,,,0,0,1,43.0,43.0,100.0,,,,,,1,0,,,,,,,1,10750.0,2.0,,,,,,,1,0.0,,,1.0,516.0,5.0,3.0,,,,,,,,,,,,,419,,2.0,,4,1290.0,1290.0,0.0,,,,,,,,5,43.0,,,,43.0,,,43.0,43.0,43.0,1,1.0
9125056000993478,9,12,50,56,99,3478,0,,,,,,,,,,,,,,,,0.0,0.0,0.0,176.0,7,7.0,,1.0,1.0,,6.0,6.0,,,,,,2.0,,4,1.0,0,,99.0,1,50,4,3,0,1,1,176.0,1,9,3,0.0,0.0,,,0.0,1,1,419,1,,4.0,1.5,1.5,2.0,140.0,140.0,140.0,140.0,140.0,140.0,,15400.0,44.0,2200.0,12.0,7.0,15400.0,44.0,2200.0,12.0,100.0,,,,,,,,,,1,0,1,140.0,140.0,100.0,,,,,,1,0,,,,,,,1,5000.0,2.0,42000.0,2.0,,,49000.0,2.0,1,0.0,,,1.0,1960.0,5.0,3.0,,,,,,,,,,,,,419,,2.0,,4,15400.0,15400.0,0.0,,,,,,,,4,140.0,,,,140.0,,,140.0,140.0,140.0,1,1.0
9205656000993436,9,20,56,56,99,3436,0,,,,,,,,,,,,,,,,0.0,0.0,0.0,162.0,25,24.0,1.0,2.0,1.0,1.0,3.0,3.0,,20.0,20.0,,,2.0,,4,1.0,1,1.0,,0,65,4,3,0,1,1,162.0,1,9,4,0.0,0.0,,,0.0,1,1,419,1,,10.0,1.0,1.0,1.0,161.5,161.5,161.5,161.5,161.5,161.5,,12877.5,44.0,2200.0,12.0,7.0,12877.5,44.0,2200.0,12.0,100.0,,,,,,,,,,0,0,1,161.5,161.5,100.0,,,,,,1,0,,,,,,,1,1515.0,3.0,,,,,,,1,0.0,,,1.0,151.5,5.0,2.0,151.5,5.0,2.0,151.5,5.0,2.0,,,,20.0,1.0,,419,,2.0,,4,12877.5,12877.5,0.0,,,,,,,,10,,161.5,,161.5,,,,161.5,161.5,161.5,1,1.0
9225156000993452,9,22,51,56,99,3452,0,,,,,,,,,,,,,,,,0.0,0.0,0.0,670.0,31,31.0,,1.0,1.0,,30.0,30.0,,,,,,2.0,,4,1.0,0,,99.0,1,66,4,3,0,1,1,670.0,1,10,4,0.0,0.0,,,0.0,1,1,419,1,,4.0,1.5,1.5,2.0,265.2,265.2,265.2,265.2,265.2,265.2,,23337.6,44.0,2200.0,12.0,2.0,23337.6,44.0,2200.0,12.0,100.0,,,,,,,,,,1,0,1,265.2,265.2,100.0,,,,,,1,0,,,,,,,1,26500.0,2.0,50500.0,2.0,,,92750.0,2.0,1,0.0,,,1.0,3975.0,5.0,3.0,,,,,,,,,,,,,419,,2.0,,4,23337.6,23337.6,0.0,,,,,,,,4,265.2,,,,265.2,,,265.2,265.2,265.2,1,1.0
9225156000993460,9,22,51,56,99,3460,0,,,,,,,,,,,,,,,,0.0,0.0,0.0,290.0,56,56.0,,1.0,1.0,,5.0,5.0,,50.0,50.0,,,2.0,,4,1.0,0,,99.0,1,61,1,2,0,1,1,290.0,1,10,4,0.0,0.0,,,0.0,1,1,419,1,,20.0,1.5,1.5,1.0,200.0,200.0,200.0,200.0,200.0,200.0,,13000.0,44.0,2200.0,12.0,7.0,13000.0,44.0,2200.0,12.0,100.0,,,,,,,,,,0,0,1,200.0,200.0,100.0,,,,,,1,0,,,,,,,1,120000.0,2.0,,,,,,,1,0.0,,,1.0,1000.0,5.0,2.0,,,,3000.0,5.0,2.0,,,,,,,419,,2.0,,4,13000.0,13000.0,0.0,,,,,,,,20,,,200.0,200.0,,,,200.0,200.0,200.0,1,1.0
9235052000990274,9,23,50,52,99,274,1,0.0,0.0,1.0,0.0,0.0,0.0,0.0,0.0,0.0,0.0,0.0,0.0,0.0,0.0,,,,,471.78,166,160.0,6.0,1.0,1.0,,165.0,159.0,6.0,,,,,2.0,,4,1.0,0,,99.0,1,54,4,3,0,1,1,471.78,1,10,3,0.0,1.0,,,0.0,3,2,419,1,,6.0,1.5,1.5,1.0,210.13,210.13,210.13,210.13,210.13,210.13,,13650.0,44.0,2200.0,12.0,1.0,13650.0,44.0,2200.0,12.0,100.0,,,,,,,,,,0,0,1,210.13,210.13,100.0,,,,,,1,0,,,,,,,1,126000.0,2.0,,,,,,,1,0.0,,,1.0,2730.0,5.0,2.0,,,,,,,,,,,,,419,,2.0,,4,13650.0,13650.0,0.0,,,,,,,,6,210.13,,,210.13,,,,210.13,210.13,210.13,1,1.0
9235056000993424,9,23,50,56,99,3424,0,,,,,,,,,,,,,,,,0.0,0.0,0.0,19362.0,1571,1497.0,74.0,1.0,1.0,,98.0,95.0,3.0,1472.0,1401.0,71.0,,2.0,,4,1.0,0,,99.0,1,78,4,4,0,1,1,19362.0,1,10,4,0.0,0.0,,,0.0,1,1,419,1,,3.0,1.9,1.9,2.0,19332.0,19332.0,19332.0,19332.0,19332.0,19332.0,,1325495.0,43.0,2000.0,12.0,7.0,,,,,,,,,,,,1325495.0,,,0,0,1,19332.0,19332.0,100.0,,,,,,1,0,,,,,,,1,6800000.0,2.0,,,,,,,1,0.0,,,1.0,250000.0,5.0,3.0,1000.0,5.0,3.0,60.0,5.0,3.0,,,,,,,419,,2.0,,4,1204995.45454545,,0.0,,,,,,,,3,19332.0,,,,19332.0,,,19332.0,19332.0,19332.0,1,1.0
9275056000993444,9,27,50,56,99,3444,0,,,,,,,,,,,,,,,,0.0,0.0,0.0,1229.36,61,61.0,,1.0,1.0,,60.0,60.0,,,,,,2.0,,4,1.0,0,,99.0,1,38,4,4,0,1,1,1229.36,1,10,2,0.0,0.0,,,0.0,1,1,419,1,,6.0,1.0,1.0,1.0,399.04,399.04,399.04,399.04,399.04,399.04,,46382.18,44.0,2200.0,12.0,7.0,46382.18,44.0,2200.0,12.0,100.0,,,,,,,,,,0,0,1,399.04,399.04,,100.0,,,,,1,0,,,,,,,1,250000.0,2.0,,,,,,,1,0.0,,,1.0,9762.0,5.0,2.0,,,,,,,,,,,,,419,,2.0,,4,46382.18,46382.18,0.0,,,,,,,,6,399.04,,,399.04,,,,399.04,399.04,399.04,1,1.0
9275061000992352,9,27,50,61,99,2352,0,,,,,,,,,,,,,,,,0.0,0.0,0.0,942.1,37,37.0,,1.0,1.0,,36.0,36.0,,,,,,2.0,,4,1.0,0,,99.0,1,38,4,4,0,1,1,942.1,1,10,2,0.0,0.0,,,0.0,3,3,419,1,,6.0,1.0,1.0,1.0,430.0,430.0,430.0,430.0,430.0,430.0,,49980.75,44.0,2200.0,12.0,7.0,49980.75,44.0,2200.0,12.0,100.0,,,,,,,,,,0,0,1,430.0,430.0,,100.0,,,,,1,0,,,,,,,1,338450.0,2.0,,,,,,,1,0.0,,,1.0,1290.0,5.0,2.0,,,,,,,,,,,,,419,,2.0,,4,49980.75,49980.75,0.0,,,,,,,,6,430.0,,,430.0,,,,430.0,430.0,430.0,1,1.0
9275061000992497,9,27,50,61,99,2497,1,1.0,1.0,1.0,0.0,1.0,1.0,0.0,0.0,0.0,0.0,0.0,0.0,0.0,0.0,,1.0,1.0,1.0,687.2,7,6.0,1.0,1.0,,1.0,6.0,6.0,,,,,,2.0,,4,1.0,0,,99.0,0,57,4,3,0,1,1,687.2,1,10,3,0.0,0.0,,,0.0,1,1,419,1,,4.0,1.5,1.0,1.0,380.67,380.67,380.67,380.67,380.67,380.67,,28930.0,44.0,2200.0,12.0,7.0,28930.0,44.0,2200.0,12.0,100.0,,,,,,,,,,0,0,1,380.67,380.67,100.0,,,,,,1,0,,,,,,,1,228000.0,2.0,,,,,,,1,0.0,,,1.0,1161.0,5.0,3.0,,,,,,,,,,,,,419,,2.0,,4,28930.0,28930.0,0.0,,,,,,,,4,380.67,,,380.67,,,,380.67,380.67,380.67,1,1.0
10015056000993442,10,1,50,56,99,3442,1,1.0,1.0,0.0,0.0,0.0,0.0,0.0,0.0,0.0,0.0,0.0,0.0,0.0,0.0,,1.0,,,879.23,569,569.0,,1.0,1.0,,28.0,28.0,,540.0,540.0,,1.0,,,4,1.0,0,,10.0,1,69,4,3,0,1,1,879.23,1,10,4,1.0,0.0,1.0,,0.0,1,1,419,1,,7.0,0.25,0.25,3.0,479.25,479.25,479.25,479.25,479.25,479.25,,76570.31,44.0,2200.0,12.0,7.0,,,,,,,,,,,,76570.31,,,0,0,1,479.25,479.25,89.0,,,11.0,,,1,1,,,3834.0,3.0,,,1,278598.0,2.0,,,,,,,1,0.0,,,1.0,240.0,5.0,3.0,,,,,,,,,,330.0,,,419,1.0,,,4,76570.31,,0.0,,,,,,,,7,479.25,,,,,479.25,,479.25,479.25,479.25,1,1.0
10015056000993442,10,1,50,56,99,3442,1,1.0,1.0,0.0,0.0,0.0,0.0,0.0,0.0,0.0,0.0,0.0,0.0,0.0,0.0,,1.0,,,879.23,569,569.0,,1.0,1.0,,28.0,28.0,,540.0,540.0,,1.0,,,4,1.0,0,,10.0,1,69,4,3,0,1,1,879.23,1,10,4,1.0,0.0,1.0,,0.0,5,3,419,1,,7.0,0.25,0.25,3.0,305.08,305.08,305.08,305.08,305.08,305.08,,49511.33,44.0,2200.0,12.0,7.0,,,,,,,,,,,,49511.33,,,0,0,1,305.08,305.08,92.0,,,8.0,,,1,1,,,2440.0,4.0,,,1,183048.0,2.0,,,,,,,1,0.0,,,1.0,200.0,5.0,3.0,,,,,,,,,,210.0,,,419,1.0,,,4,49511.33,,0.0,,,,,,,,7,305.08,,,,,305.08,,305.08,305.08,305.08,1,1.0
10015356000993483,10,1,53,56,99,3483,1,0.0,0.0,0.0,0.0,0.0,1.0,0.0,0.0,0.0,0.0,0.0,0.0,0.0,0.0,,,,1.0,237.0,35,20.0,15.0,3.0,2.0,1.0,32.0,18.0,14.0,,,,1.0,,,4,1.0,0,,8.5,1,60,2,1,1,0,1,237.0,1,10,3,1.0,0.0,1.0,,1.0,3,2,419,1,,10.0,1.0,1.0,2.0,7.0,7.0,7.0,7.0,7.0,7.0,,800.0,44.0,2200.0,12.0,7.0,800.0,44.0,2200.0,12.0,100.0,,,,,,,,,,0,0,1,7.0,7.0,100.0,,,,,,1,0,,,,,,,1,4200.0,2.0,,,,,,,1,0.0,,,1.0,2.0,3.0,4.0,,,,,,,,,,30.0,,,419,1.0,,,4,800.0,800.0,0.0,,,,,,,,10,,7.0,,,7.0,,,7.0,7.0,7.0,1,1.0
10015656000993475,10,1,56,56,99,3475,1,0.0,0.0,0.0,0.0,0.0,0.0,0.0,0.0,0.0,0.0,0.0,0.0,0.0,0.0,,,,,60.0,4,4.0,,1.0,1.0,,3.0,3.0,,,,,1.0,,,4,1.0,0,,135.0,1,60,4,3,0,1,1,60.0,1,8,3,0.0,0.0,1.0,,0.0,1,1,419,1,,1.0,1.0,1.0,1.0,14.0,14.0,14.0,14.0,12.0,12.0,6.0,1820.0,44.0,2200.0,12.0,7.0,1820.0,44.0,2200.0,12.0,100.0,,,,,,,,,,0,0,1,14.0,14.0,100.0,,,,,,1,0,,,,,,,1,168.0,3.0,,,,,,,1,0.0,,,1.0,56.0,5.0,3.0,,,,,,,,,,,,,419,1.0,,,4,1820.0,1820.0,2.0,2.0,,,,,,2.0,1,14.0,,,14.0,,,,14.0,14.0,14.0,1,1.0
10015656000993475,10,1,56,56,99,3475,1,0.0,0.0,0.0,0.0,0.0,0.0,0.0,0.0,0.0,0.0,0.0,0.0,0.0,0.0,,,,,60.0,4,4.0,,1.0,1.0,,3.0,3.0,,,,,1.0,,,4,1.0,0,,135.0,1,60,4,3,0,1,1,60.0,1,8,3,0.0,0.0,1.0,,0.0,2,2,419,1,,1.0,1.0,1.0,1.0,24.0,24.0,24.0,24.0,20.0,20.0,6.0,3120.0,44.0,2200.0,12.0,7.0,3120.0,44.0,2200.0,12.0,100.0,,,,,,,,,,0,0,1,24.0,24.0,100.0,,,,,,1,0,,,,,,,1,288.0,3.0,,,,,,,1,0.0,,,1.0,96.0,5.0,3.0,,,,,,,,,,,,,419,1.0,,,4,3120.0,3120.0,4.0,4.0,,,,,,4.0,1,24.0,,,24.0,,,,24.0,24.0,24.0,1,1.0
10015656000993475,10,1,56,56,99,3475,1,0.0,0.0,0.0,0.0,0.0,0.0,0.0,0.0,0.0,0.0,0.0,0.0,0.0,0.0,,,,,60.0,4,4.0,,1.0,1.0,,3.0,3.0,,,,,1.0,,,4,1.0,0,,135.0,1,60,4,3,0,1,1,60.0,1,8,3,0.0,0.0,1.0,,0.0,3,3,419,1,,1.0,1.0,1.0,1.0,10.0,10.0,10.0,10.0,9.0,9.0,6.0,1300.0,44.0,2200.0,12.0,7.0,1300.0,44.0,2200.0,12.0,100.0,,,,,,,,,,0,0,1,10.0,10.0,100.0,,,,,,1,0,,,,,,,1,120.0,3.0,,,,,,,1,0.0,,,1.0,40.0,5.0,3.0,,,,,,,,,,,,,419,1.0,,,4,1300.0,1300.0,1.0,1.0,,,,,,1.0,1,10.0,,,10.0,,,,10.0,10.0,10.0,1,1.0
10015656000993475,10,1,56,56,99,3475,1,0.0,0.0,0.0,0.0,0.0,0.0,0.0,0.0,0.0,0.0,0.0,0.0,0.0,0.0,,,,,60.0,4,4.0,,1.0,1.0,,3.0,3.0,,,,,1.0,,,4,1.0,0,,135.0,1,60,4,3,0,1,1,60.0,1,8,3,0.0,0.0,1.0,,0.0,4,4,419,1,,1.0,1.0,1.0,1.0,7.0,7.0,7.0,7.0,6.0,6.0,6.0,910.0,44.0,2200.0,12.0,7.0,910.0,44.0,2200.0,12.0,100.0,,,,,,,,,,0,0,1,7.0,7.0,100.0,,,,,,1,0,,,,,,,1,84.0,3.0,,,,,,,1,0.0,,,1.0,28.0,5.0,3.0,,,,,,,,,,,,,419,1.0,,,4,910.0,910.0,1.0,1.0,,,,,,1.0,1,7.0,,,7.0,,,,7.0,7.0,7.0,1,1.0
10035855000993984,10,3,58,55,99,3984,0,,,,,,,,,,,,,,,,0.0,0.0,0.0,14.0,2,2.0,,1.0,1.0,,1.0,1.0,,,,,1.0,,,4,1.0,0,,200.0,1,43,4,2,0,0,0,14.0,1,6,3,1.0,1.0,0.0,,1.0,4,2,419,1,,4.0,1.5,1.5,2.0,10.0,10.0,10.0,10.0,10.0,10.0,,1500.0,43.0,2000.0,12.0,7.0,1500.0,43.0,2000.0,12.0,100.0,,,,,,,,,,0,0,1,10.0,10.0,100.0,,,,,,1,0,,,,,,,1,1400.0,2.0,1400.0,2.0,1400.0,2.0,140.0,2.0,1,0.0,,,1.0,1.0,5.0,4.0,1.5,5.0,4.0,2.0,5.0,3.0,1.0,5.0,3.0,,,,419,1.0,,,4,1363.63636363636,1363.63636363636,0.0,,,,,,,,4,10.0,,,,10.0,,,10.0,10.0,10.0,1,1.0
11035056000993428,11,3,50,56,99,3428,1,1.0,1.0,1.0,1.0,1.0,1.0,1.0,0.0,0.0,0.0,0.0,0.0,0.0,1.0,MINISTERIO DE SALUD PUBLICA,1.0,1.0,1.0,2600.0,347,330.0,17.0,1.0,1.0,,346.0,329.0,17.0,,,,1.0,,,4,1.0,1,1.0,,1,99,6,7,0,0,0,2600.0,1,10,6,1.0,0.0,1.0,,1.0,1,1,419,1,,16.0,1.65,1.65,1.0,2096.0,2096.0,2096.0,2096.0,1700.0,1700.0,5.0,230000.0,43.0,2000.0,12.0,7.0,,,,,,,,,,,,230000.0,,,0,0,1,2096.0,2096.0,88.0,,,12.0,,,1,0,,,,,,,1,,,1152800.0,2.0,,,,,1,0.0,,,1.0,4192.0,2.0,3.0,8384.0,5.0,3.0,,,,,,,,,,419,1.0,,,4,209090.9090909089,,396.0,396.0,,,,,396.0,,16,,2096.0,,2096.0,,,,2096.0,2096.0,2096.0,1,1.0
12015456000993429,12,1,54,56,99,3429,1,0.0,0.0,0.0,1.0,1.0,0.0,0.0,0.0,1.0,0.0,0.0,0.0,0.0,0.0,,,1.0,,1320.0,52,52.0,,,,,52.0,52.0,,,,,,2.0,,4,1.0,0,,75.0,1,65,4,3,0,1,1,1320.0,1,10,4,0.0,0.0,1.0,,1.0,2,1,419,1,,3.0,1.9,1.9,2.0,1060.0,1060.0,1060.0,1060.0,1060.0,1060.0,,89252.0,44.0,2200.0,12.0,7.0,89252.0,44.0,2200.0,12.0,100.0,,,,,,,,,,0,0,1,1060.0,1060.0,100.0,,,,,,1,0,,,,,,,1,6360.0,2.0,6360.0,2.0,6360.0,2.0,6360.0,2.0,1,0.0,,,1.0,2120.0,5.0,3.0,,,,,,,,,,,,,419,,2.0,,4,89252.0,89252.0,0.0,,,,,,,,3,1060.0,,,,1060.0,,,1060.0,1060.0,1060.0,1,1.0
9095056000993448,9,9,50,56,99,3448,1,0.0,0.0,0.0,1.0,1.0,1.0,0.0,0.0,0.0,0.0,0.0,0.0,0.0,0.0,,,1.0,1.0,706.67,49,49.0,,1.0,1.0,,8.0,8.0,,40.0,40.0,,,2.0,,4,1.0,0,,99.0,0,58,4,3,0,1,1,706.67,1,10,3,0.0,0.0,,,0.0,1,1,419,1,,8.0,1.5,1.5,3.0,380.67,380.67,380.67,380.67,380.67,380.67,,29692.26,44.0,2200.0,12.0,1.0,29692.26,44.0,2200.0,12.0,100.0,,,,,,,,,,0,0,1,380.67,380.67,100.0,,,,,,1,0,,,,,,,1,1520.0,3.0,1520.0,3.0,1520.0,3.0,,,1,0.0,,,1.0,760.0,5.0,3.0,76.0,1.0,5.0,,,,,,,,,,419,,2.0,,4,29692.26,29692.26,0.0,,,,,,,,8,380.67,,,,,380.67,,380.67,380.67,380.67,1,1.0
9225103009760010,9,22,51,3,976,10,0,,,,,,,,,,,,,,,,0.0,0.0,0.0,3.0,3,2.0,1.0,1.0,,1.0,,,,2.0,2.0,,,2.0,,4,1.2832782437411498,0,,99.0,0,43,4,1,0,0,0,3.0,1,4,3,0.0,0.0,,,0.0,1,1,419,1,,4.0,1.5,1.5,1.0,1.0,1.0,1.0,1.0,1.0,1.0,,92.0,43.0,2000.0,12.0,1.0,92.0,43.0,2000.0,12.0,100.0,,,,,,,,,,0,0,0,,,,,,,,,0,0,,,,,,,0,,,,,,,,,1,0.0,,,1.0,1.25,5.0,4.0,,,,,,,,,,1.0,1.0,,419,,2.0,,4,83.6363636363636,83.6363636363636,0.0,,,,,,,,4,1.0,,,1.0,,,,,,1.0,1,3.84983473122345
9115402123980001,9,11,54,2,12398,1,1,1.0,1.0,1.0,1.0,1.0,1.0,0.0,0.0,0.0,0.0,0.0,0.0,0.0,0.0,,1.0,1.0,1.0,1294.71,83,83.0,,1.0,1.0,,1.0,1.0,,81.0,81.0,,,2.0,,4,1.84140882232748,0,,99.0,1,45,4,3,0,1,1,1294.71,1,10,3,0.0,0.0,1.0,,0.0,1,1,419,1,,1.0,1.6,1.6,3.0,1294.71,1294.71,1294.71,1294.71,1294.71,1294.71,,50700.0,44.0,2200.0,12.0,7.0,0.0,,,,,,,,,,,50700.0,,,0,0,1,1294.71,1294.71,60.0,40.0,,,,,1,0,,,,,,,1,,,188186.0,2.0,56198.0,2.0,127620.0,2.0,1,0.0,,,1.0,1117.0,5.0,3.0,,,,,,,,,,,,,419,,2.0,,4,50700.0,0.0,0.0,,,,,,,,1,1294.71,,,,,1294.71,,1294.71,1294.71,1294.71,1,1.84140882232748
10015601046420001,10,1,56,1,4642,1,0,,,,,,,,,,,,,,,,0.0,0.0,0.0,308.63,21,19.0,2.0,1.0,1.0,,10.0,9.0,1.0,10.0,9.0,1.0,1.0,,,4,1.89823576874828,1,1.0,,1,41,4,1,1,0,0,308.63,1,10,3,0.0,0.0,1.0,,1.0,1,1,419,1,,15.0,0.5,0.5,1.0,3.0,3.0,3.0,3.0,3.0,3.0,,450.0,44.0,2200.0,12.0,7.0,450.0,44.0,2200.0,12.0,100.0,,,,,,,,,,0,0,1,3.0,3.0,100.0,,,,,,1,1,39.0,3.0,,,,,0,,,,,,,,,1,0.0,,,1.0,1.5,5.0,1.0,,,,3.0,2.0,3.0,,,,,,,419,1.0,,,4,450.0,450.0,0.0,,,,,,,,15,,3.0,,3.0,,,,3.0,3.0,3.0,1,16.5542842671977
10015601046420001,10,1,56,1,4642,1,0,,,,,,,,,,,,,,,,0.0,0.0,0.0,308.63,21,19.0,2.0,1.0,1.0,,10.0,9.0,1.0,10.0,9.0,1.0,1.0,,,4,1.89823576874828,1,1.0,,1,41,4,1,1,0,0,308.63,1,10,3,0.0,0.0,1.0,,1.0,3,2,419,1,,30.0,0.5,0.5,1.0,5.96,5.96,5.96,5.96,5.96,5.96,,800.0,44.0,2200.0,12.0,7.0,800.0,44.0,2200.0,12.0,100.0,,,,,,,,,,0,0,1,5.96,5.96,100.0,,,,,,1,1,77.0,3.0,,,,,0,,,,,,,,,1,0.0,,,1.0,3.0,5.0,1.0,,,,,,,,,,,,,419,1.0,,,4,800.0,800.0,0.0,,,,,,,,30,,,5.96,5.96,,,,5.96,5.96,5.96,1,46.4565787374599
10015601046420001,10,1,56,1,4642,1,0,,,,,,,,,,,,,,,,0.0,0.0,0.0,308.63,21,19.0,2.0,1.0,1.0,,10.0,9.0,1.0,10.0,9.0,1.0,1.0,,,4,1.89823576874828,1,1.0,,1,41,4,1,1,0,0,308.63,1,10,3,0.0,0.0,1.0,,1.0,5,3,419,1,,3.0,0.5,0.5,1.0,7.26,7.26,7.26,7.26,7.26,7.26,,1089.0,44.0,2200.0,12.0,7.0,1089.0,44.0,2200.0,12.0,100.0,,,,,,,,,,0,0,1,7.26,7.26,100.0,,,,,,1,1,94.0,3.0,,,,,0,,,,,,,,,1,0.0,,,1.0,3.5,5.0,1.0,,,,,,,,,,,,,419,1.0,,,4,1089.0,1089.0,0.0,,,,,,,,3,7.26,,,7.26,,,,7.26,7.26,7.26,1,3.83373043192853
9095002109400002,9,9,50,2,10940,2,0,,,,,,,,,,,,,,,,0.0,0.0,0.0,10.0,7,7.0,,1.0,1.0,,1.0,1.0,,5.0,5.0,,,2.0,,4,1.9053117083923,1,1.0,,1,65,4,2,0,1,1,10.0,1,6,4,0.0,0.0,,,1.0,1,1,419,1,,8.0,1.5,1.5,1.0,10.0,10.0,10.0,10.0,10.0,10.0,,900.0,43.0,2000.0,12.0,7.0,900.0,43.0,2000.0,12.0,100.0,,,,,,,,,,0,1,1,10.0,10.0,100.0,,,,,,1,0,,,,,,,1,1000.0,2.0,500.0,2.0,,,,,1,0.0,,,1.0,15.0,5.0,4.0,,,,,,,,,,5.0,,,419,,2.0,,4,818.1818181818179,818.1818181818179,0.0,,,,,,,,8,10.0,,,10.0,,,,10.0,10.0,10.0,1,1.9053117083923
9095002124040005,9,9,50,2,12404,5,0,,,,,,,,,,,,,,,,0.0,0.0,0.0,215.45,21,21.0,,1.0,1.0,,,,,20.0,20.0,,,2.0,,4,2.09769784327218,0,,99.0,1,30,4,3,0,1,1,215.45,1,10,2,0.0,0.0,,,0.0,1,1,419,1,,18.0,1.0,1.0,1.0,215.45,215.45,215.45,215.45,215.45,215.45,,15081.0,44.0,2200.0,12.0,7.0,15081.0,44.0,2200.0,12.0,,100.0,,,,,,,,,0,0,1,215.45,215.45,100.0,,,,,,1,0,,,,,,,1,64500.0,2.0,,,,,,,1,0.0,,,1.0,220.0,5.0,3.0,,,,,,,,,,,,,419,,2.0,,4,15081.0,15081.0,0.0,,,,,,,,18,,215.45,,215.45,,,,215.45,215.45,215.45,1,2.09769784327218
9205302112240001,9,20,53,2,11224,1,0,,,,,,,,,,,,,,,,0.0,0.0,0.0,550.0,13,13.0,,1.0,1.0,,12.0,12.0,,,,,,2.0,,4,2.3793060651286297,1,1.0,,1,70,4,3,0,1,1,550.0,1,10,4,1.0,0.0,,,0.0,1,1,419,1,,20.0,1.5,1.5,2.0,550.0,550.0,550.0,550.0,550.0,550.0,,52250.0,43.0,2000.0,12.0,7.0,52250.0,43.0,2000.0,12.0,100.0,,,,,,,,,,0,0,1,550.0,550.0,100.0,,,,,,1,0,,,,,,,1,,,275000.0,2.0,,,,,1,0.0,,,1.0,3850.0,5.0,1.0,,,,,,,,,,,,,419,,2.0,,4,47500.0,47500.0,0.0,,,,,,,,20,,,550.0,,550.0,,,550.0,550.0,550.0,1,2.3793060651286297
9115402119240001,9,11,54,2,11924,1,1,1.0,1.0,1.0,1.0,1.0,1.0,0.0,0.0,0.0,0.0,0.0,0.0,0.0,0.0,,1.0,1.0,1.0,999.44,83,83.0,,1.0,1.0,,1.0,1.0,,81.0,81.0,,,2.0,,4,2.38542625505977,0,,99.0,1,45,4,3,0,1,1,999.44,1,10,3,0.0,0.0,1.0,,0.0,1,1,419,1,,4.0,1.6,1.6,3.0,497.0,497.0,497.0,497.0,497.0,497.0,,60039.0,44.0,2200.0,12.0,7.0,0.0,,,,,,,,,,,60039.0,,,0,0,1,497.0,497.0,20.0,80.0,,,,,1,0,,,,,,,1,,,72675.0,2.0,21715.0,2.0,49285.0,2.0,1,0.0,,,1.0,2750.0,5.0,4.0,,,,,,,,,,,,,419,,2.0,,4,60039.0,0.0,0.0,,,,,,,,4,497.0,,,,,497.0,,497.0,497.0,497.0,1,3.0632841745181203
9115402119240001,9,11,54,2,11924,1,1,1.0,1.0,1.0,1.0,1.0,1.0,0.0,0.0,0.0,0.0,0.0,0.0,0.0,0.0,,1.0,1.0,1.0,999.44,83,83.0,,1.0,1.0,,1.0,1.0,,81.0,81.0,,,2.0,,4,2.38542625505977,0,,99.0,1,45,4,3,0,1,1,999.44,1,10,3,0.0,0.0,1.0,,0.0,3,2,419,1,,1.0,1.6,1.6,3.0,498.44,498.44,498.44,498.44,498.44,498.44,,61000.0,44.0,2200.0,12.0,7.0,0.0,,,,,,,,,,,61000.0,,,0,0,1,498.44,498.44,20.0,80.0,,,,,1,0,,,,,,,1,,,72675.0,2.0,21715.0,2.0,49285.0,2.0,1,0.0,,,1.0,2750.0,5.0,4.0,,,,,,,,,,,,,419,,2.0,,4,61000.0,0.0,0.0,,,,,,,,1,498.44,,,,,498.44,,498.44,498.44,498.44,1,1.44837579492377
9115402133430005,9,11,54,2,13343,5,1,1.0,1.0,1.0,1.0,1.0,1.0,0.0,0.0,0.0,0.0,0.0,0.0,0.0,0.0,,1.0,1.0,1.0,912.94,47,47.0,,1.0,1.0,,46.0,46.0,,,,,,2.0,,4,2.39223307534601,0,,99.0,1,45,4,3,0,1,1,912.94,1,10,3,0.0,0.0,,,0.0,1,1,419,1,,11.0,1.6,1.6,3.0,912.94,912.94,912.94,912.94,912.94,912.94,,113145.37,44.0,2200.0,12.0,2.0,,,,,,,,,,,,113145.37,,,0,0,1,912.94,912.94,100.0,,,,,,1,0,,,,,,,1,,,132695.0,2.0,39648.0,2.0,89988.0,2.0,1,0.0,,,1.0,13055.0,5.0,3.0,,,,,,,,,,,,,419,,2.0,,4,113145.37,,0.0,,,,,,,,11,,912.94,,,,912.94,,912.94,912.94,912.94,1,2.39223307534601
9125002087370004,9,12,50,2,8737,4,1,0.0,0.0,1.0,1.0,1.0,1.0,0.0,0.0,0.0,0.0,0.0,0.0,0.0,0.0,,,1.0,1.0,18.0,54,54.0,,1.0,1.0,,,,,53.0,53.0,,,2.0,,4,2.60002153970569,0,,99.0,1,53,4,2,0,0,0,18.0,1,6,3,1.0,0.0,,,0.0,1,1,419,1,,9.0,1.5,1.5,1.0,13.0,13.0,13.0,13.0,13.0,13.0,,1170.0,43.0,2000.0,12.0,5.0,1170.0,43.0,2000.0,12.0,100.0,,,,,,,,,,0,0,0,,,,,,,,,1,0,,,,,,,1,65.0,3.0,65.0,3.0,,,,,1,0.0,,,1.0,52.0,5.0,3.0,13.0,5.0,4.0,,,,,,,50.0,,,419,,2.0,,4,1063.63636363636,1063.63636363636,0.0,,,,,,,,9,13.0,,,13.0,,,,,13.0,13.0,1,3.60002982420788
9115402131830001,9,11,54,2,13183,1,0,,,,,,,,,,,,,,,,0.0,0.0,0.0,300.01,41,41.0,,1.0,1.0,,10.0,10.0,,30.0,30.0,,,2.0,,4,2.62140551866388,0,,99.0,1,60,4,3,0,1,1,300.01,1,10,3,0.0,0.0,,,0.0,1,1,419,1,,4.0,1.0,1.0,1.0,300.0,300.0,300.0,300.0,300.0,300.0,,47500.0,44.0,2200.0,12.0,7.0,47500.0,44.0,2200.0,12.0,100.0,,,,,,,,,,0,0,1,300.0,300.0,100.0,,,,,,1,0,,,,,,,1,1350.0,3.0,1800.0,3.0,,,1200.0,3.0,1,0.0,,,1.0,2500.0,5.0,2.0,600.0,5.0,2.0,,,,,,,30.0,,,419,,2.0,,4,47500.0,47500.0,0.0,,,,,,,,4,300.0,,,300.0,,,,300.0,300.0,300.0,1,2.58884991543851
12015302146830002,12,1,53,2,14683,2,1,1.0,0.0,0.0,1.0,1.0,1.0,0.0,0.0,0.0,0.0,0.0,0.0,0.0,0.0,,1.0,1.0,1.0,72.0,11,11.0,,1.0,1.0,,,,,10.0,10.0,,,2.0,,4,2.7983407954609305,0,,1.0,1,55,4,3,0,1,1,72.0,1,8,3,0.0,0.0,0.0,,0.0,1,1,419,1,,5.0,1.5,1.5,2.0,72.0,72.0,72.0,72.0,72.0,72.0,,5760.0,43.0,2000.0,12.0,7.0,5000.0,43.0,2000.0,12.0,100.0,,,760.0,,,,,,,1,1,1,72.0,72.0,100.0,,,,,,1,0,,,,,,,1,28800.0,2.0,,,,,,,1,0.0,,,1.0,1440.0,5.0,2.0,216.0,5.0,3.0,,,,,,,10.0,,,419,,2.0,,4,5236.363636363641,4545.4545454545505,0.0,,,,,,,,5,72.0,,,,72.0,,,72.0,72.0,72.0,1,2.79834079546094
9115402136590001,9,11,54,2,13659,1,1,1.0,1.0,1.0,1.0,1.0,1.0,0.0,0.0,0.0,0.0,0.0,0.0,0.0,0.0,,1.0,1.0,1.0,1386.09,221,221.0,,1.0,1.0,,220.0,220.0,,,,,,2.0,,4,2.85802476303366,0,,99.0,1,45,4,3,0,1,1,1386.09,1,10,3,0.0,0.0,,,0.0,1,1,419,1,,15.0,1.6,1.6,3.0,1386.09,1386.09,1386.09,1386.09,1386.09,1386.09,,45128.09,44.0,2200.0,12.0,2.0,,,,,,,,,,,,45128.09,,,0,0,1,1386.09,1386.09,60.0,,40.0,,,,1,0,,,,,,,1,,,201465.0,2.0,60197.0,2.0,136624.0,2.0,1,0.0,,,1.0,19821.0,5.0,3.0,,,,,,,,,,,,,419,,2.0,,4,45128.09,,0.0,,,,,,,,15,,1386.09,,,,1386.09,,1386.09,1386.09,1386.09,1,2.85802476303366
9205302114580001,9,20,53,2,11458,1,0,,,,,,,,,,,,,,,,0.0,0.0,0.0,550.0,13,13.0,,1.0,1.0,,12.0,12.0,,,,,,2.0,,4,3.19496067377022,1,1.0,,1,70,4,3,0,1,1,550.0,1,10,4,1.0,0.0,,,0.0,1,1,419,1,,20.0,1.5,1.5,2.0,550.0,550.0,550.0,550.0,550.0,550.0,,52125.0,43.0,2000.0,12.0,7.0,52125.0,43.0,2000.0,12.0,100.0,,,,,,,,,,0,0,1,550.0,550.0,100.0,,,,,,1,0,,,,,,,1,,,275000.0,2.0,,,,,1,0.0,,,1.0,3850.0,5.0,1.0,,,,,,,,,,,,,419,,2.0,,4,47386.3636363636,47386.3636363636,0.0,,,,,,,,20,,,550.0,,550.0,,,550.0,550.0,550.0,1,3.19496067377022
9115402130220001,9,11,54,2,13022,1,1,1.0,1.0,1.0,1.0,1.0,1.0,0.0,0.0,0.0,0.0,0.0,0.0,0.0,0.0,,1.0,1.0,1.0,717.7,35,35.0,,1.0,1.0,,34.0,34.0,,,,,,2.0,,4,3.20592428371485,0,,99.0,1,45,4,3,0,1,1,717.7,1,10,3,0.0,0.0,,,0.0,1,1,419,1,,11.0,1.6,1.6,3.0,500.0,500.0,500.0,500.0,500.0,500.0,,26500.0,44.0,2200.0,12.0,2.0,,,,,,,,,,,,26500.0,,,0,0,1,500.0,500.0,100.0,,,,,,1,0,,,,,,,1,,,72675.0,2.0,21715.0,2.0,49285.0,2.0,1,0.0,,,1.0,10263.0,5.0,3.0,,,,,,,,,,,,,419,,2.0,,4,26500.0,,0.0,,,,,,,,11,,500.0,,,,500.0,,500.0,500.0,500.0,1,3.86451071614623
9115402130220001,9,11,54,2,13022,1,1,1.0,1.0,1.0,1.0,1.0,1.0,0.0,0.0,0.0,0.0,0.0,0.0,0.0,0.0,,1.0,1.0,1.0,717.7,35,35.0,,1.0,1.0,,34.0,34.0,,,,,,2.0,,4,3.20592428371485,0,,99.0,1,45,4,3,0,1,1,717.7,1,10,3,0.0,0.0,,,0.0,2,2,419,1,,11.0,1.6,1.6,3.0,217.7,217.7,217.7,217.7,217.7,217.7,,11538.0,44.0,2200.0,12.0,2.0,,,,,,,,,,,,11538.0,,,0,0,1,217.7,217.7,100.0,,,,,,1,0,,,,,,,1,,,31642.0,2.0,9454.0,2.0,21458.0,2.0,1,0.0,,,1.0,3113.0,5.0,3.0,,,,,,,,,,,,,419,,2.0,,4,11538.0,,0.0,,,,,,,,11,,217.7,,,,217.7,,217.7,217.7,217.7,1,1.6933233824025198
9125002090680006,9,12,50,2,9068,6,0,,,,,,,,,,,,,,,,0.0,0.0,0.0,90.0,11,11.0,,1.0,1.0,,,,,10.0,10.0,,,2.0,,4,4.28466768770459,0,,0.5,1,66,4,3,0,1,1,90.0,1,8,4,0.0,0.0,,,0.0,1,1,419,1,,8.0,1.5,1.5,2.0,10.0,10.0,10.0,10.0,10.0,10.0,,720.0,43.0,2000.0,12.0,7.0,720.0,43.0,2000.0,12.0,100.0,,,,,,,,,,0,0,1,10.0,10.0,100.0,,,,,,1,0,,,,,,,1,1000.0,2.0,2000.0,2.0,1000.0,2.0,,,1,0.0,,,1.0,60.0,5.0,4.0,40.0,5.0,4.0,,,,,,,10.0,,,419,,2.0,,4,654.5454545454551,654.5454545454551,0.0,,,,,,,,8,10.0,,,,10.0,,,10.0,10.0,10.0,1,38.562009189341296
10065301040520003,10,6,53,1,4052,3,0,,,,,,,,,,,,,,,,0.0,0.0,0.0,25.1,2,2.0,,1.0,1.0,,,,,1.0,1.0,,1.0,,,4,4.43578562959903,0,,13.0,1,38,4,3,0,1,1,25.1,1,7,2,0.0,0.0,1.0,0.0,1.0,2,1,419,1,,1.0,0.5,0.5,1.0,5.0,5.0,5.0,5.0,5.0,5.0,,5000.0,15.0,150.0,12.0,7.0,5000.0,15.0,150.0,12.0,100.0,,,,,,,,,,0,0,1,5.0,5.0,100.0,,,,,,1,0,,,,,,,1,2.0,3.0,3.0,3.0,,,,,1,0.0,,,1.0,1.0,5.0,3.0,,,,,,,,,,,,,419,1.0,,,4,340.909090909091,340.909090909091,0.0,,,,,,,,1,5.0,,,5.0,,,,5.0,5.0,5.0,1,3.926277649624641
9095002127570001,9,9,50,2,12757,1,0,,,,,,,,,,,,,,,,0.0,0.0,0.0,500.0,21,21.0,,1.0,1.0,,5.0,5.0,,15.0,15.0,,,2.0,,4,4.52134925322166,1,1.0,,1,78,4,3,0,1,1,500.0,1,10,4,0.0,0.0,1.0,,0.0,1,1,419,1,,45.0,1.5,1.5,1.0,450.0,450.0,450.0,450.0,450.0,450.0,,29250.0,44.0,2200.0,12.0,7.0,29250.0,44.0,2200.0,12.0,100.0,,,,,,,,,,0,0,1,450.0,450.0,100.0,,,,,,1,0,,,,,,,1,,,180000.0,2.0,,,,,1,0.0,,,1.0,900.0,5.0,3.0,,,,,,,,,,,,,419,,2.0,,4,29250.0,29250.0,0.0,,,,,,,,45,,,450.0,450.0,,,,450.0,450.0,450.0,1,3.56247991205079
10055001057600004,10,5,50,1,5760,4,0,,,,,,,,,,,,,,,,0.0,0.0,0.0,2.5,1,1.0,,1.0,1.0,,,,,,,,1.0,,,4,5.2870141714495595,0,,7.0,1,71,2,1,1,0,0,2.5,1,3,4,0.0,0.0,,,0.0,1,1,419,1,,4.0,0.5,0.5,2.0,2.5,2.5,2.5,2.5,2.5,2.5,,350.0,44.0,2200.0,12.0,7.0,350.0,44.0,2200.0,12.0,100.0,,,,,,,,,,0,0,1,2.5,2.5,100.0,,,,,,1,0,,,,,,,1,5.0,3.0,,,,,,,0,0.0,,,0.0,,,,,,,,,,,,,,,,419,1.0,,,4,350.0,350.0,0.0,,,,,,,,4,2.5,,,,2.5,,,2.5,2.5,,1,5.2870141714495595
9125002087370001,9,12,50,2,8737,1,0,,,,,,,,,,,,,,,,0.0,0.0,0.0,22.0,41,41.0,,1.0,1.0,,,,,40.0,40.0,,,2.0,,4,5.67260194496263,0,,99.0,0,55,4,2,0,0,0,22.0,1,7,3,0.0,0.0,,,0.0,1,1,419,1,,8.0,1.2,1.5,1.0,22.0,22.0,22.0,22.0,22.0,22.0,,1920.0,43.0,2000.0,12.0,7.0,1920.0,43.0,2000.0,12.0,100.0,,,,,,,,,,0,0,0,,,,,,,,,1,0,,,,,,,1,32.0,3.0,32.0,3.0,,,32.0,3.0,1,0.0,,,1.0,48.0,5.0,3.0,96.0,5.0,4.0,,,,,,,40.0,,,419,,2.0,,4,1745.4545454545498,1745.4545454545498,0.0,,,,,,,,8,22.0,,,22.0,,,,,22.0,22.0,1,5.67260194496263
10015601031630001,10,1,56,1,3163,1,1,0.0,0.0,0.0,0.0,1.0,1.0,0.0,0.0,0.0,0.0,0.0,0.0,0.0,0.0,,,1.0,1.0,83.0,2,2.0,,1.0,1.0,,1.0,1.0,,,,,1.0,,,4,5.940963306457242,1,1.0,,1,57,4,1,0,0,0,83.0,1,8,3,0.0,0.0,,,0.0,1,1,419,1,,20.0,14.0,1.0,4.0,7.0,7.0,,,,,,,,,,,,,,,,,,,,,,,,,0,0,1,7.0,7.0,100.0,,,,,,1,0,,,,,,,1,50.0,3.0,,,,,,,1,0.0,,,1.0,5.0,3.0,2.0,,,,,,,,,,23.0,,,419,1.0,,,4,,,,,,,,,,,20,,,7.0,,,,7.0,7.0,7.0,7.0,1,8.213724322376269
9095002101290002,9,9,50,2,10129,2,0,,,,,,,,,,,,,,,,0.0,0.0,0.0,59.0,5,5.0,,1.0,1.0,,,,,4.0,4.0,,,2.0,,4,6.948400128472179,1,1.0,,1,70,4,1,0,0,0,59.0,1,8,4,0.0,0.0,,,0.0,1,1,419,1,,4.0,1.0,1.0,1.0,21.0,21.0,21.0,21.0,21.0,21.0,,1680.0,44.0,2200.0,12.0,7.0,1680.0,44.0,2200.0,12.0,100.0,,,,,,,,,,0,0,1,21.0,21.0,100.0,,,,,,1,0,,,,,,,1,350.0,2.0,600.0,2.0,,,,,1,0.0,,,1.0,10.5,5.0,4.0,8.4,5.0,4.0,,,,,,,,,,419,,2.0,,4,1680.0,1680.0,0.0,,,,,,,,4,21.0,,,21.0,,,,21.0,21.0,21.0,1,14.0451154504229
9095002101290002,9,9,50,2,10129,2,0,,,,,,,,,,,,,,,,0.0,0.0,0.0,59.0,5,5.0,,1.0,1.0,,,,,4.0,4.0,,,2.0,,4,6.948400128472179,1,1.0,,1,70,4,1,0,0,0,59.0,1,8,4,0.0,0.0,,,0.0,2,2,419,1,,5.0,1.0,1.0,1.0,5.0,5.0,5.0,5.0,5.0,5.0,,400.0,44.0,2200.0,12.0,7.0,400.0,44.0,2200.0,12.0,100.0,,,,,,,,,,0,0,1,5.0,5.0,100.0,,,,,,1,0,,,,,,,1,200.0,2.0,100.0,2.0,,,,,1,0.0,,,1.0,2.5,5.0,4.0,2.0,5.0,4.0,,,,,,,,,,419,,2.0,,4,400.0,400.0,0.0,,,,,,,,5,5.0,,,5.0,,,,5.0,5.0,5.0,1,23.0016366241954
9115402131830002,9,11,54,2,13183,2,0,,,,,,,,,,,,,,,,0.0,0.0,0.0,202.0,71,71.0,,1.0,1.0,,30.0,30.0,,40.0,40.0,,,2.0,,4,7.90912151832376,1,1.0,,1,40,5,4,0,1,1,202.0,1,10,2,0.0,0.0,,,0.0,1,1,419,1,,3.0,1.2,1.2,1.0,183.99,183.99,183.99,183.99,183.99,183.99,,17150.0,44.0,2200.0,12.0,7.0,17150.0,44.0,2200.0,12.0,100.0,,,,,,,,,,0,0,1,183.99,183.99,50.0,,50.0,,,,1,0,,,,,,,1,1212.0,3.0,808.0,3.0,,,,,1,0.0,,,1.0,160.0,5.0,2.0,150.0,5.0,2.0,,,,,,,40.0,,,419,,2.0,,4,17150.0,17150.0,0.0,,,,,,,,3,183.99,,,183.99,,,,183.99,183.99,183.99,1,8.57928018030283
9125002088820004,9,12,50,2,8882,4,0,,,,,,,,,,,,,,,,0.0,0.0,0.0,43.0,1,1.0,,1.0,1.0,,,,,,,,,2.0,,4,8.21772026700047,0,,2.0,1,73,3,1,0,0,0,43.0,1,7,4,0.0,0.0,,,0.0,1,1,419,1,,30.0,1.0,1.0,1.0,28.0,28.0,28.0,28.0,28.0,28.0,,3415.0,43.0,2000.0,12.0,7.0,3415.0,43.0,2000.0,12.0,100.0,,,,,,,,,,0,0,1,28.0,28.0,100.0,,,,,,1,0,,,,,,,1,,,200.0,5.0,800.0,5.0,,,1,1.0,100.0,2.0,0.0,,,,,,,,,,,,,10.0,,,419,,2.0,,4,3104.54545454545,3104.54545454545,0.0,,,,,,,,30,,,28.0,28.0,,,,28.0,28.0,28.0,1,12.6200704100364
9025004001020020,9,2,50,4,102,20,0,,,,,,,,,,,,,,,,0.0,0.0,0.0,84.67,7,7.0,,1.0,1.0,,,,,6.0,6.0,,,2.0,,4,9.24757308428097,1,1.0,,1,58,4,3,0,0,0,84.67,1,8,3,0.0,0.0,,,0.0,1,1,419,1,,3.0,0.3,0.5,1.0,39.0,39.0,39.0,39.0,39.0,39.0,,2340.0,44.0,2200.0,12.0,7.0,2340.0,44.0,2200.0,12.0,100.0,,,,,,,,,,0,0,1,39.0,39.0,100.0,,,,,,1,0,,,,,,,1,,,7800.0,2.0,,,,,1,0.0,,,1.0,78.0,5.0,4.0,39.0,5.0,3.0,,,,,,,6.0,,,419,,2.0,,4,2340.0,2340.0,0.0,,,,,,,,3,39.0,,,39.0,,,,39.0,39.0,39.0,1,19.5194235831504
10015001043370005,10,1,50,1,4337,5,1,0.0,0.0,0.0,0.0,1.0,1.0,0.0,0.0,0.0,0.0,0.0,0.0,0.0,0.0,,,1.0,1.0,27.0,2,1.0,1.0,2.0,1.0,1.0,,,,,,,1.0,,,4,9.65599891464085,1,1.0,,1,77,4,1,1,0,0,27.0,1,7,4,0.0,0.0,,,0.0,2,1,419,1,,1.0,0.3,0.3,4.0,2.0,2.0,,,,,,,,,,,,,,,,,,,,,,,,,0,0,1,2.0,2.0,100.0,,,,,,1,0,,,,,,,1,8.0,2.0,,,,,,,1,0.0,,,1.0,4.0,5.0,1.0,1.0,5.0,3.0,,,,,,,,,,419,1.0,,,4,,,,,,,,,,,1,2.0,,,,,,2.0,2.0,2.0,2.0,1,26.2288750552237
9125002088820002,9,12,50,2,8882,2,0,,,,,,,,,,,,,,,,0.0,0.0,0.0,16.0,2,2.0,,1.0,1.0,,,,,1.0,1.0,,,2.0,,4,10.3578056821612,0,,99.0,1,68,4,2,0,0,0,16.0,1,6,4,0.0,0.0,1.0,,0.0,2,2,419,1,,4.0,1.5,1.5,1.0,8.0,8.0,8.0,8.0,8.0,8.0,,98.0,43.0,2000.0,12.0,2.0,98.0,43.0,2000.0,12.0,100.0,,,,,,,,,,0,0,0,,,,,,,,,1,0,,,,,,,1,14.0,3.0,,,,,,,1,0.0,,,1.0,16.0,5.0,3.0,,,,,,,,,,1.0,1.0,,419,,2.0,,4,89.0909090909091,89.0909090909091,0.0,,,,,,,,4,8.0,,,8.0,,,,,8.0,8.0,1,17.779062904636604
9125002090680002,9,12,50,2,9068,2,0,,,,,,,,,,,,,,,,0.0,0.0,0.0,6.0,4,4.0,,1.0,1.0,,,,,3.0,3.0,,,2.0,,4,10.4705999867249,0,,5.0,1,71,4,1,0,0,0,6.0,1,5,4,0.0,0.0,,,0.0,1,1,419,1,,5.0,0.75,0.75,2.0,6.0,6.0,6.0,6.0,6.0,6.0,,410.0,43.0,2000.0,12.0,7.0,410.0,43.0,2000.0,12.0,100.0,,,,,,,,,,0,0,1,6.0,6.0,100.0,,,,,,1,0,,,,,,,1,600.0,2.0,1200.0,2.0,600.0,2.0,,,1,0.0,,,1.0,8.0,5.0,4.0,,,,,,,,,,3.0,,,419,,2.0,,4,372.72727272727303,372.72727272727303,0.0,,,,,,,,5,6.0,,,,6.0,,,6.0,6.0,6.0,1,10.4705999867249
9205502091660001,9,20,55,2,9166,1,0,,,,,,,,,,,,,,,,0.0,0.0,0.0,100.0,39,39.0,,1.0,1.0,,,,,38.0,38.0,,,2.0,,4,12.838854894725197,0,,4.0,1,71,4,2,1,1,1,100.0,1,9,4,0.0,0.0,0.0,0.0,0.0,1,1,419,1,,4.0,1.2,1.2,1.0,42.0,42.0,42.0,42.0,42.0,42.0,,2800.0,44.0,2200.0,12.0,1.0,2800.0,44.0,2200.0,12.0,100.0,,,,,,,,,,0,0,1,42.0,42.0,100.0,,,,,,1,0,,,,,,,1,504.0,3.0,50.0,3.0,,,15.0,3.0,1,0.0,,,1.0,40.0,5.0,3.0,,,,,,,,,,13.0,,,419,,2.0,,4,2800.0,2800.0,0.0,,,,,,,,4,42.0,,,42.0,,,,42.0,42.0,42.0,1,30.5687021302981
9115002141600001,9,11,50,2,14160,1,0,,,,,,,,,,,,,,,,0.0,0.0,0.0,25.0,7,7.0,,1.0,1.0,,6.0,6.0,,,,,,2.0,,4,14.2667523419676,0,,99.0,1,80,4,1,0,1,1,25.0,1,7,4,0.0,0.0,,,0.0,1,1,419,1,,5.0,1.5,1.5,1.0,25.0,25.0,25.0,25.0,25.0,25.0,,1750.0,44.0,2200.0,12.0,7.0,1750.0,44.0,2200.0,12.0,100.0,,,,,,,,,,0,0,1,25.0,25.0,100.0,,,,,,1,0,,,,,,,1,,,5.0,3.0,3.0,3.0,3.0,3.0,1,0.0,,,1.0,120.0,5.0,4.0,,,,,,,,,,,,,419,,2.0,,4,1750.0,1750.0,0.0,,,,,,,,5,25.0,,,25.0,,,,25.0,25.0,25.0,1,14.2667523419676
10015101046580006,10,1,51,1,4658,6,1,0.0,0.0,0.0,0.0,0.0,0.0,0.0,0.0,0.0,0.0,0.0,0.0,0.0,0.0,,,,,2.0,11,11.0,,1.0,1.0,,,,,10.0,10.0,,1.0,,,4,14.485648820081101,0,,99.0,1,41,2,3,0,1,1,2.0,1,3,3,0.0,0.0,,,1.0,1,1,419,1,,4.0,3.0,3.0,2.0,2.0,2.0,2.0,2.0,2.0,2.0,,320.0,44.0,2200.0,12.0,1.0,320.0,44.0,2200.0,12.0,100.0,,,,,,,,,,0,0,1,2.0,2.0,100.0,,,,,,1,1,300.0,2.0,,,,,1,4.0,3.0,,,,,,,1,0.0,,,1.0,,,,2.0,5.0,2.0,,,,,,,10.0,,,419,1.0,,,4,320.0,320.0,0.0,,,,,,,,4,2.0,,,,2.0,,,2.0,2.0,2.0,1,14.485648820081
9095002100990005,9,9,50,2,10099,5,0,,,,,,,,,,,,,,,,0.0,0.0,0.0,12.0,2,1.0,1.0,2.0,1.0,1.0,,,,,,,,2.0,,4,15.3534014049965,1,1.0,,0,75,4,1,0,1,0,12.0,1,6,4,0.0,0.0,,,0.0,2,2,419,1,,6.0,1.0,1.0,1.0,6.99,6.99,6.99,6.99,6.99,6.99,,700.0,43.0,2000.0,12.0,7.0,700.0,43.0,2000.0,12.0,100.0,,,,,,,,,,0,0,1,6.99,6.99,100.0,,,,,,1,0,,,,,,,1,42.0,3.0,,,,,,,1,0.0,,,1.0,7.0,5.0,4.0,5.0,5.0,4.0,7.0,5.0,4.0,,,,,,,419,,2.0,,4,636.363636363636,636.363636363636,0.0,,,,,,,,6,6.99,,,6.99,,,,6.99,6.99,6.99,1,12.641332612681301
9095002109400005,9,9,50,2,10940,5,0,,,,,,,,,,,,,,,,0.0,0.0,0.0,40.0,11,10.0,1.0,1.0,,1.0,2.0,2.0,,8.0,8.0,,,2.0,,4,15.4421921101844,1,1.0,,0,34,4,1,0,1,1,40.0,1,7,2,0.0,0.0,,,1.0,1,1,419,1,,8.0,1.5,1.5,1.0,27.0,27.0,27.0,27.0,27.0,27.0,,1755.0,43.0,2000.0,12.0,7.0,1755.0,43.0,2000.0,12.0,100.0,,,,,,,,,,0,0,1,27.0,27.0,100.0,,,,,,1,0,,,,,,,1,1350.0,2.0,675.0,2.0,675.0,2.0,,,1,0.0,,,1.0,20.0,5.0,4.0,,,,,,,,,,0.0,0.0,,419,,2.0,,4,1595.4545454545498,1595.4545454545498,0.0,,,,,,,,8,27.0,,,27.0,,,,27.0,27.0,27.0,1,22.3820786515766
12015302146830003,12,1,53,2,14683,3,1,1.0,0.0,0.0,1.0,1.0,1.0,0.0,0.0,0.0,0.0,0.0,0.0,0.0,0.0,,1.0,1.0,1.0,42.0,6,6.0,,1.0,1.0,,,,,5.0,5.0,,,2.0,,4,15.529543169897199,0,,25.0,1,56,3,3,0,1,1,42.0,1,7,3,0.0,0.0,0.0,,0.0,1,1,419,1,,5.0,1.5,1.5,2.0,42.0,42.0,42.0,42.0,42.0,42.0,,3360.0,43.0,2000.0,12.0,7.0,3000.0,43.0,2000.0,12.0,100.0,,,360.0,,,,,,,0,0,1,42.0,42.0,100.0,,,,,,1,0,,,,,,,1,16800.0,2.0,,,,,,,1,0.0,,,1.0,840.0,5.0,2.0,126.0,5.0,3.0,,,,,,,5.0,,,419,,2.0,,4,3054.54545454545,2727.27272727273,0.0,,,,,,,,5,42.0,,,,42.0,,,42.0,42.0,42.0,1,15.529543169897199
9025004001020004,9,2,50,4,102,4,0,,,,,,,,,,,,,,,,0.0,0.0,0.0,26.8128,7,7.0,,1.0,1.0,,,,,6.0,6.0,,,2.0,,4,16.3467890945759,1,1.0,,1,46,4,1,0,0,0,38.0,2,7,3,0.0,0.0,,,0.0,1,1,419,1,,3.0,0.5,0.5,1.0,38.0,26.8128,38.0,26.8128,38.0,26.8128,,1980.0,44.0,2200.0,12.0,7.0,1980.0,44.0,2200.0,12.0,100.0,,,,,,,,,,0,0,1,38.0,26.8128,100.0,,,,,,1,0,,,,,,,1,,,6600.0,2.0,,,,,1,0.0,,,1.0,66.0,5.0,4.0,,,,,,,,,,6.0,,,419,,2.0,,4,1980.0,1980.0,0.0,,,,,,,,3,26.8128,,,26.8128,,,,26.8128,26.8128,26.8128,1,16.3467890945759
9125002088820005,9,12,50,2,8882,5,1,0.0,1.0,1.0,1.0,1.0,1.0,0.0,0.0,0.0,0.0,0.0,0.0,0.0,0.0,,,1.0,1.0,4.23,3,3.0,,1.0,1.0,,,,,2.0,2.0,,,2.0,,4,16.434831300094,0,,99.0,1,50,4,2,0,0,0,4.23,1,4,3,0.0,0.0,,,0.0,1,1,419,1,,10.0,1.5,1.5,1.0,4.23,4.23,4.23,4.23,4.23,4.23,,80.0,43.0,2000.0,12.0,2.0,80.0,43.0,2000.0,12.0,100.0,,,,,,,,,,0,0,1,4.23,4.23,,100.0,,,,,1,0,,,,,,,1,12.0,3.0,,,,,,,1,0.0,,,1.0,100.0,5.0,4.0,,,,,,,,,,2.0,0.0,,419,,2.0,,4,72.7272727272727,72.7272727272727,0.0,,,,,,,,10,,4.23,,4.23,,,,4.23,4.23,4.23,1,16.434831300094
9115402134340004,9,11,54,2,13434,4,1,1.0,0.0,0.0,0.0,0.0,0.0,0.0,0.0,0.0,0.0,0.0,0.0,0.0,0.0,,1.0,,,25.0,6,6.0,,,,,1.0,1.0,,5.0,5.0,,,2.0,,4,16.4577385531227,0,,99.0,0,40,3,2,1,0,0,25.0,1,7,2,0.0,0.0,1.0,,0.0,1,1,419,1,,3.0,1.4,1.4,1.0,25.0,25.0,25.0,25.0,25.0,25.0,,280.0,44.0,2200.0,12.0,1.0,280.0,44.0,2200.0,12.0,100.0,,,,,,,,,,1,1,1,25.0,25.0,100.0,,,,,,1,0,,,,,,,1,300.0,3.0,,,,,,,1,0.0,,,1.0,175.0,5.0,3.0,175.0,5.0,4.0,,,,,,,5.0,,,419,,2.0,,4,280.0,280.0,0.0,,,,,,,,3,25.0,,,25.0,,,,25.0,25.0,25.0,1,16.4577385531227
3045102000190004,3,4,51,2,19,4,0,,,,,,,,,,,,,,,,0.0,0.0,0.0,36.02,13,12.0,1.0,1.0,,1.0,,,,12.0,12.0,,1.0,,,4,17.163772845932602,1,1.0,,0,52,4,4,0,1,1,36.02,1,7,3,0.0,0.0,,,0.0,1,1,419,1,,6.0,1.0,1.0,2.0,36.0,36.0,36.0,36.0,36.0,36.0,,3505.0,43.0,2000.0,12.0,7.0,3505.0,43.0,2000.0,12.0,100.0,,,,,,,,,,0,0,1,36.0,36.0,100.0,,,,,,1,0,,,,,,,1,220.0,3.0,175.0,3.0,,,108.0,3.0,1,0.0,,,1.0,225.0,5.0,2.0,30.0,2.0,3.0,120.0,5.0,2.0,,,,12.0,,,419,1.0,,,4,3186.36363636364,3186.36363636364,0.0,,,,,,,,6,36.0,,,,36.0,,,36.0,36.0,36.0,1,17.1733082752915
9125002088820007,9,12,50,2,8882,7,0,,,,,,,,,,,,,,,,0.0,0.0,0.0,10.0,5,5.0,,1.0,1.0,,,,,4.0,4.0,,,2.0,,4,17.5043413637431,0,,99.0,1,62,4,1,0,0,0,10.0,1,6,4,0.0,0.0,,,0.0,1,1,419,1,,4.0,1.5,1.5,1.0,8.0,8.0,8.0,8.0,8.0,8.0,,460.0,43.0,2000.0,12.0,2.0,460.0,43.0,2000.0,12.0,100.0,,,,,,,,,,0,0,1,8.0,8.0,,100.0,,,,,1,0,,,,,,,1,,,5.0,3.0,,,,,1,0.0,,,1.0,2.0,5.0,4.0,,,,,,,,,,2.0,0.0,,419,,2.0,,4,418.181818181818,418.181818181818,0.0,,,,,,,,4,8.0,,,8.0,,,,8.0,8.0,8.0,1,21.88042670467889
10065501038070001,10,6,55,1,3807,1,1,1.0,1.0,0.0,0.0,0.0,0.0,0.0,0.0,0.0,0.0,0.0,0.0,0.0,0.0,,1.0,,,30.04,2,2.0,,1.0,1.0,,,,,1.0,1.0,,1.0,,,4,19.7187222768289,0,,4.0,1,79,4,3,0,0,0,30.04,1,7,4,0.0,0.0,1.0,,0.0,1,1,419,1,,0.0,0.5,0.5,4.0,12.5,12.5,,,,,,,,,,,,,,,,,,,,,,,,,0,0,1,12.5,12.5,100.0,,,,,,1,0,,,,,,,1,36.0,3.0,48.0,3.0,36.0,3.0,36.0,1.0,1,0.0,,,1.0,12.0,5.0,4.0,12.0,5.0,4.0,12.0,5.0,4.0,,,,1.0,,,419,1.0,,,4,,,,,,,,,,,0,12.5,,,,,,12.5,12.5,12.5,12.5,1,28.4188519366138
10065501038070001,10,6,55,1,3807,1,1,1.0,1.0,0.0,0.0,0.0,0.0,0.0,0.0,0.0,0.0,0.0,0.0,0.0,0.0,,1.0,,,30.04,2,2.0,,1.0,1.0,,,,,1.0,1.0,,1.0,,,4,19.7187222768289,0,,4.0,1,79,4,3,0,0,0,30.04,1,7,4,0.0,0.0,1.0,,0.0,2,2,419,1,,0.0,0.5,0.5,4.0,12.5,12.5,,,,,,,,,,,,,,,,,,,,,,,,,0,0,1,12.5,12.5,100.0,,,,,,1,0,,,,,,,1,36.0,3.0,48.0,3.0,36.0,3.0,36.0,1.0,1,0.0,,,1.0,12.0,5.0,4.0,12.0,5.0,4.0,12.0,5.0,4.0,,,,1.0,,,419,1.0,,,4,,,,,,,,,,,0,12.5,,,,,,12.5,12.5,12.5,12.5,1,11.859983023453696
9235002095740003,9,23,50,2,9574,3,0,,,,,,,,,,,,,,,,0.0,0.0,0.0,70.0,4,4.0,,1.0,1.0,,,,,3.0,3.0,,,2.0,,4,20.246332162016,0,,99.0,1,67,4,3,0,1,1,70.0,1,8,4,0.0,0.0,,,0.0,1,1,419,1,,4.0,0.75,0.75,2.0,50.0,50.0,50.0,50.0,50.0,50.0,,4550.0,43.0,2000.0,12.0,7.0,4550.0,43.0,2000.0,12.0,100.0,,,,,,,,,,0,0,1,50.0,50.0,100.0,,,,,,1,0,,,,,,,1,7500.0,2.0,5000.0,2.0,,,,,1,0.0,,,1.0,25.0,5.0,4.0,,,,,,,,,,3.0,,,419,,2.0,,4,4136.363636363641,4136.363636363641,0.0,,,,,,,,4,50.0,,,,50.0,,,50.0,50.0,50.0,1,27.9344870618288
9235002095740003,9,23,50,2,9574,3,0,,,,,,,,,,,,,,,,0.0,0.0,0.0,70.0,4,4.0,,1.0,1.0,,,,,3.0,3.0,,,2.0,,4,20.246332162016,0,,99.0,1,67,4,3,0,1,1,70.0,1,8,4,0.0,0.0,,,0.0,2,2,419,1,,4.0,0.75,0.75,2.0,20.0,20.0,20.0,20.0,20.0,20.0,,1820.0,43.0,2000.0,12.0,7.0,1820.0,43.0,2000.0,12.0,100.0,,,,,,,,,,0,0,1,20.0,20.0,100.0,,,,,,1,0,,,,,,,1,3000.0,2.0,2000.0,2.0,,,,,1,0.0,,,1.0,10.0,5.0,4.0,,,,,,,,,,,,,419,,2.0,,4,1654.5454545454502,1654.5454545454502,0.0,,,,,,,,4,20.0,,,,20.0,,,20.0,20.0,20.0,1,1.0259449124842501
9125002088510002,9,12,50,2,8851,2,0,,,,,,,,,,,,,,,,0.0,0.0,0.0,3.5,15,15.0,,5.0,5.0,,,,,10.0,10.0,,,2.0,,4,20.3513373036709,0,,99.0,0,66,4,1,0,1,1,3.5,1,4,4,0.0,0.0,,,0.0,2,2,419,1,,5.0,4.0,4.0,1.0,2.5,2.5,2.5,2.5,2.5,2.5,,63.0,43.0,2000.0,12.0,7.0,63.0,43.0,2000.0,12.0,100.0,,,,,,,,,,0,0,0,,,,,,,,,1,0,,,,,,,1,15.0,3.0,,,,,,,1,0.0,,,1.0,16.0,5.0,4.0,16.0,5.0,4.0,,,,,,,10.0,,,419,,2.0,,4,57.2727272727273,57.2727272727273,0.0,,,,,,,,5,2.5,,,2.5,,,,,2.5,2.5,1,18.1259942610708
9125002090680003,9,12,50,2,9068,3,0,,,,,,,,,,,,,,,,0.0,0.0,0.0,3.51,3,2.0,1.0,3.0,2.0,1.0,,,,,,,,2.0,,4,20.4055183975667,0,,7.0,1,71,4,7,0,1,1,3.51,1,4,4,0.0,0.0,,,0.0,1,1,419,1,,15.0,1.5,1.5,2.0,3.51,3.51,3.51,3.51,3.51,3.51,,255.0,43.0,2000.0,12.0,7.0,255.0,43.0,2000.0,12.0,100.0,,,,,,,,,,0,0,1,3.51,3.51,100.0,,,,,,1,0,,,,,,,1,900.0,2.0,,,,,,,1,0.0,,,1.0,8.0,5.0,4.0,,,,,,,,,,,2.0,,419,,2.0,,4,231.81818181818198,231.81818181818198,0.0,,,,,,,,15,,3.51,,,3.51,,,3.51,3.51,3.51,1,20.4055183975667
10035201130490001,10,3,52,1,13049,1,1,1.0,0.0,0.0,1.0,1.0,1.0,0.0,0.0,0.0,0.0,0.0,0.0,0.0,0.0,,1.0,1.0,1.0,25.0,1,1.0,,1.0,1.0,,,,,,,,1.0,,,4,20.9795027055212,1,0.0,5.0,1,41,4,1,0,0,0,25.0,1,7,3,0.0,0.0,,,0.0,2,2,419,1,,0.0,1.5,1.5,1.0,2.0,2.0,,,,,,,,,,,,,,,,,,,,,,,,,0,0,0,,,,,,,,,0,0,,,,,,,0,,,,,,,,,0,0.0,,,0.0,,,,,,,,,,,,,,,,419,1.0,,,4,,,,,,,,,,,0,2.0,,,2.0,,,,,,,1,27.7623899945642
9095002109400004,9,9,50,2,10940,4,1,1.0,1.0,1.0,0.0,1.0,1.0,0.0,0.0,0.0,0.0,0.0,0.0,0.0,0.0,,1.0,1.0,1.0,39.0,13,12.0,1.0,1.0,,1.0,2.0,2.0,,10.0,10.0,,,2.0,,4,21.383986390049,1,1.0,,0,44,4,2,0,0,1,39.0,1,7,3,0.0,0.0,,,0.0,1,1,419,1,,9.0,1.5,1.5,2.0,26.0,26.0,26.0,26.0,26.0,26.0,,3120.0,43.0,2000.0,12.0,7.0,3120.0,43.0,2000.0,12.0,100.0,,,,,,,,,,0,0,1,26.0,26.0,100.0,,,,,,1,0,,,,,,,1,200.0,2.0,200.0,2.0,200.0,2.0,150.0,2.0,1,0.0,,,1.0,8.0,5.0,4.0,,,,,,,,,,,,,419,,2.0,,4,2836.36363636364,2836.36363636364,0.0,,,,,,,,9,26.0,,,,26.0,,,26.0,26.0,26.0,1,32.0759795850736
10055001057600006,10,5,50,1,5760,6,0,,,,,,,,,,,,,,,,0.0,0.0,0.0,1.75,1,1.0,,1.0,1.0,,,,,,,,1.0,,,4,21.9364749011511,0,,7.0,1,43,2,2,0,1,1,1.75,1,2,3,0.0,0.0,,,0.0,1,1,419,1,,4.0,1.0,1.0,2.0,1.75,1.75,1.75,1.75,1.75,1.75,,150.0,44.0,2200.0,12.0,2.0,150.0,44.0,2200.0,12.0,100.0,,,,,,,,,,0,0,1,1.75,1.75,100.0,,,,,,1,0,,,,,,,1,4.5,3.0,,,,,,,1,0.0,,,1.0,,,,40.0,2.0,3.0,,,,,,,,,,419,1.0,,,4,150.0,150.0,0.0,,,,,,,,4,1.75,,,,1.75,,,1.75,1.75,1.75,1,21.9364749011511
9095002124260003,9,9,50,2,12426,3,0,,,,,,,,,,,,,,,,0.0,0.0,0.0,15.0,6,5.0,1.0,1.0,,1.0,,,,5.0,5.0,,,2.0,,4,22.010678539043887,0,,99.0,1,99,4,2,0,0,0,15.0,1,6,6,0.0,0.0,,,0.0,1,1,419,1,,7.0,1.5,1.5,1.0,15.0,15.0,15.0,15.0,15.0,15.0,,1200.0,44.0,2200.0,12.0,7.0,1200.0,44.0,2200.0,12.0,100.0,,,,,,,,,,0,0,1,15.0,15.0,100.0,,,,,,1,0,,,,,,,1,,,750.0,2.0,,,,,1,0.0,,,1.0,3.75,5.0,4.0,,,,,,,,,,,,,419,,2.0,,4,1200.0,1200.0,0.0,,,,,,,,7,15.0,,,15.0,,,,15.0,15.0,15.0,1,22.0106785390438
9125002088820006,9,12,50,2,8882,6,0,,,,,,,,,,,,,,,,0.0,0.0,0.0,14.0,3,3.0,,1.0,1.0,,,,,2.0,2.0,,,2.0,,4,22.0511243315149,0,,99.0,1,58,4,1,0,0,0,14.0,1,6,3,0.0,0.0,,,0.0,1,1,419,1,,10.0,1.5,1.5,1.0,14.0,14.0,14.0,14.0,14.0,14.0,,290.0,43.0,2000.0,12.0,2.0,290.0,43.0,2000.0,12.0,100.0,,,,,,,,,,0,0,1,14.0,14.0,,100.0,,,,,1,0,,,,,,,1,39.0,3.0,,,,,,,1,0.0,,,1.0,350.0,5.0,4.0,,,,,,,,,,2.0,0.0,,419,,2.0,,4,263.63636363636397,263.63636363636397,0.0,,,,,,,,10,,14.0,,14.0,,,,14.0,14.0,14.0,1,22.0511243315149
10025101072350001,10,2,51,1,7235,1,1,0.0,0.0,0.0,0.0,1.0,1.0,0.0,0.0,0.0,0.0,0.0,0.0,0.0,0.0,,,1.0,1.0,8.35,3,2.0,1.0,1.0,1.0,,2.0,1.0,1.0,,,,1.0,,,4,22.5211039888152,0,,10.0,1,51,4,3,0,1,1,8.35,1,5,3,0.0,0.0,,,0.0,1,1,419,1,,5.0,1.0,1.0,2.0,0.25,0.25,0.25,0.25,0.25,0.25,,700.0,35.0,100.0,12.0,7.0,,,,,,,,,,700.0,,,,,0,1,1,0.25,0.25,100.0,,,,,,0,0,,,,,,,0,,,,,,,,,1,0.0,,,1.0,,,,2.0,5.0,2.0,1.0,5.0,2.0,,,,,,,419,1.0,,,4,31.818181818181802,,0.0,,,,,,,,5,0.25,,,,0.25,,,0.25,,0.25,1,20.8173326781068
14015703007470001,14,1,57,3,747,1,0,,,,,,,,,,,,,,,,0.0,0.0,0.0,64.0,5,4.0,1.0,5.0,4.0,1.0,,,,,,,,,3.0,4,24.6125746814747,1,1.0,,1,70,1,1,0,0,0,64.0,1,8,4,0.0,0.0,,,0.0,1,1,419,1,,4.0,3.0,3.0,2.0,12.0,12.0,12.0,12.0,12.0,12.0,,19200.0,35.0,100.0,12.0,7.0,19200.0,35.0,100.0,12.0,100.0,,,,,,,,,,0,0,0,,,,,,,,,0,0,,,,,,,0,,,,,,,,,0,0.0,,,0.0,,,,,,,,,,,,,,4.0,,419,,,3.0,4,872.727272727273,872.727272727273,0.0,,,,,,,,4,12.0,,,,12.0,,,,,,1,7.227030286532
9095002100990007,9,9,50,2,10099,7,0,,,,,,,,,,,,,,,,0.0,0.0,0.0,14.05,5,5.0,,1.0,1.0,,,,,4.0,4.0,,,2.0,,4,25.712542959882,1,1.0,,1,63,4,2,0,0,0,14.05,1,6,4,0.0,0.0,,,0.0,2,2,419,1,,10.0,1.0,1.0,1.0,7.0,7.0,7.0,7.0,7.0,7.0,,630.0,43.0,2000.0,12.0,7.0,630.0,43.0,2000.0,12.0,100.0,,,,,,,,,,0,0,1,7.0,7.0,100.0,,,,,,1,0,,,,,,,1,84.0,3.0,,,,,,,1,0.0,,,1.0,7.0,5.0,4.0,7.0,5.0,4.0,6.0,5.0,4.0,,,,4.0,,,419,,2.0,,4,572.727272727273,572.727272727273,0.0,,,,,,,,10,,7.0,,7.0,,,,7.0,7.0,7.0,1,27.059015824527698
9095002109400001,9,9,50,2,10940,1,0,,,,,,,,,,,,,,,,0.0,0.0,0.0,40.0,16,16.0,,1.0,1.0,,,,,15.0,15.0,,,2.0,,4,25.82891730010689,1,1.0,,1,47,4,2,0,1,1,40.0,1,7,3,0.0,0.0,,,0.0,1,1,419,1,,8.0,1.5,1.5,1.0,40.0,40.0,40.0,40.0,40.0,40.0,,3280.0,43.0,2000.0,12.0,7.0,3280.0,43.0,2000.0,12.0,100.0,,,,,,,,,,0,1,1,40.0,40.0,100.0,,,,,,1,0,,,,,,,1,,,6000.0,2.0,,,,,1,0.0,,,1.0,120.0,5.0,3.0,,,,,,,,,,15.0,,,419,,2.0,,4,2981.8181818181797,2981.8181818181797,0.0,,,,,,,,8,40.0,,,40.0,,,,40.0,40.0,40.0,1,25.82891730010689
9095002101290006,9,9,50,2,10129,6,0,,,,,,,,,,,,,,,,0.0,0.0,0.0,21.0,6,6.0,,1.0,1.0,,2.0,2.0,,3.0,3.0,,,2.0,,4,26.395023884685997,0,,99.0,1,57,4,3,0,1,1,21.0,1,7,3,0.0,0.0,,,0.0,1,1,419,1,,2.0,2.0,2.0,1.0,21.0,21.0,21.0,21.0,21.0,21.0,,1680.0,44.0,2200.0,12.0,7.0,1680.0,44.0,2200.0,12.0,100.0,,,,,,,,,,0,0,1,21.0,21.0,100.0,,,,,,1,0,,,,,,,1,300.0,3.0,,,,,,,1,0.0,,,1.0,180.0,5.0,4.0,90.0,5.0,4.0,480.0,5.0,4.0,,,,3.0,2.0,,419,,2.0,,4,1680.0,1680.0,0.0,,,,,,,,2,21.0,,,21.0,,,,21.0,21.0,21.0,1,26.395023884685997
9095002101290007,9,9,50,2,10129,7,0,,,,,,,,,,,,,,,,0.0,0.0,0.0,5.0,6,5.0,1.0,2.0,1.0,1.0,,,,4.0,4.0,,,2.0,,4,27.1822699971637,1,1.0,,0,77,4,1,0,0,0,5.0,1,5,4,0.0,0.0,,,0.0,1,1,419,1,,3.0,1.0,1.0,1.0,3.0,3.0,3.0,3.0,3.0,3.0,,500.0,43.0,2000.0,12.0,7.0,500.0,43.0,2000.0,12.0,100.0,,,,,,,,,,0,0,1,3.0,3.0,100.0,,,,,,1,0,,,,,,,1,,,300.0,2.0,,,,,1,0.0,,,1.0,3.0,5.0,4.0,3.0,5.0,4.0,,,,,,,,,,419,,2.0,,4,454.545454545455,454.545454545455,0.0,,,,,,,,3,3.0,,,3.0,,,,3.0,3.0,3.0,1,45.303783328606215
10065301038170001,10,6,53,1,3817,1,1,0.0,0.0,0.0,0.0,1.0,0.0,0.0,0.0,0.0,0.0,0.0,0.0,0.0,0.0,,,1.0,,19.0,12,12.0,,3.0,3.0,,,,,9.0,9.0,,1.0,,,4,28.242930867222398,0,,15.0,1,44,4,2,0,0,0,19.0,1,6,3,0.0,0.0,1.0,,0.0,3,2,419,1,,6.0,1.0,1.0,1.0,2.0,2.0,2.0,2.0,,,6.0,,,,,,,,,,0.0,,,,,,,,,,0,0,1,2.0,2.0,100.0,,,,,,0,0,,,,,,,0,,,,,,,,,0,0.0,,,0.0,,,,,,,,,,,,,,,,419,1.0,,,4,,,2.0,2.0,,,,,,2.0,6,2.0,,,2.0,,,,2.0,,,1,10.844007915676901
9095002101290008,9,9,50,2,10129,8,0,,,,,,,,,,,,,,,,0.0,0.0,0.0,5.0,3,3.0,,1.0,1.0,,,,,2.0,2.0,,,2.0,,4,28.715207274432398,1,1.0,,1,50,4,1,0,0,0,5.0,1,5,3,0.0,0.0,,,0.0,1,1,419,1,,3.0,1.0,1.0,1.0,5.0,5.0,5.0,5.0,5.0,5.0,,750.0,43.0,2000.0,12.0,7.0,750.0,43.0,2000.0,12.0,100.0,,,,,,,,,,0,0,1,5.0,5.0,100.0,,,,,,1,0,,,,,,,1,150.0,2.0,300.0,2.0,,,,,1,0.0,,,1.0,1.5,5.0,4.0,0.5,5.0,4.0,,,,,,,2.0,,,419,,2.0,,4,681.818181818182,681.818181818182,0.0,,,,,,,,3,5.0,,,5.0,,,,5.0,5.0,5.0,1,28.715207274432398
9125002088820001,9,12,50,2,8882,1,0,,,,,,,,,,,,,,,,0.0,0.0,0.0,17.5,3,2.0,1.0,2.0,1.0,1.0,,,,1.0,1.0,,,2.0,,4,29.4118428566788,0,,99.0,0,71,4,5,1,1,1,17.5,1,6,4,0.0,0.0,,,0.0,1,1,419,1,,2.0,1.0,1.0,1.0,4.5,4.5,4.5,4.5,0.0,,6.0,,,,,,,,,,,,,,,,,,,,0,0,0,,,,,,,,,1,0,,,,,,,1,40.0,3.0,,,,,,,1,0.0,,,1.0,3.0,5.0,4.0,,,,,,,,,,1.0,2.0,,419,,2.0,,4,,,4.5,4.5,,,,,,4.5,2,4.5,,,4.5,,,,,4.5,4.5,1,24.6420242242596
9125002088820001,9,12,50,2,8882,1,0,,,,,,,,,,,,,,,,0.0,0.0,0.0,17.5,3,2.0,1.0,2.0,1.0,1.0,,,,1.0,1.0,,,2.0,,4,29.4118428566788,0,,99.0,0,71,4,5,1,1,1,17.5,1,6,4,0.0,0.0,,,0.0,2,2,419,1,,2.0,1.0,1.0,1.0,3.0,3.0,3.0,3.0,0.0,,6.0,,,,,,,,,,,,,,,,,,,,0,0,0,,,,,,,,,0,0,,,,,,,0,,,,,,,,,0,0.0,,,0.0,,,,,,,,,,,,,,,,419,,2.0,,4,,,3.0,3.0,,,,,,3.0,2,3.0,,,3.0,,,,,,,1,2.6504780206082903
9125002088820001,9,12,50,2,8882,1,0,,,,,,,,,,,,,,,,0.0,0.0,0.0,17.5,3,2.0,1.0,2.0,1.0,1.0,,,,1.0,1.0,,,2.0,,4,29.4118428566788,0,,99.0,0,71,4,5,1,1,1,17.5,1,6,4,0.0,0.0,,,0.0,3,3,419,1,,2.0,1.0,1.0,1.0,1.0,1.0,1.0,1.0,0.0,,6.0,,,,,,,,,,,,,,,,,,,,0,0,0,,,,,,,,,0,0,,,,,,,0,,,,,,,,,0,0.0,,,0.0,,,,,,,,,,,,,,,,419,,2.0,,4,,,1.0,1.0,,,,,,1.0,2,1.0,,,1.0,,,,,,,1,8.59893202944125
9125002088820001,9,12,50,2,8882,1,0,,,,,,,,,,,,,,,,0.0,0.0,0.0,17.5,3,2.0,1.0,2.0,1.0,1.0,,,,1.0,1.0,,,2.0,,4,29.4118428566788,0,,99.0,0,71,4,5,1,1,1,17.5,1,6,4,0.0,0.0,,,0.0,4,4,419,1,,8.0,1.0,1.0,1.0,8.99,8.99,8.99,8.99,0.0,,6.0,,,,,,,,,,,,,,,,,,,,0,0,0,,,,,,,,,0,0,,,,,,,0,,,,,,,,,0,0.0,,,0.0,,,,,,,,,,,,,,,,419,,2.0,,4,,,8.99,8.99,,,,,,8.99,8,8.99,,,8.99,,,,,,,1,42.862291754950796
3045102000190001,3,4,51,2,19,1,0,,,,,,,,,,,,,,,,0.0,0.0,0.0,20.02,5,5.0,,1.0,1.0,,,,,4.0,4.0,,1.0,,,4,30.080662454422693,0,,5.0,1,50,4,3,0,1,1,20.02,1,7,3,0.0,0.0,,,1.0,1,1,419,1,,5.0,1.0,1.0,3.0,20.0,20.0,20.0,20.0,20.0,20.0,,2600.0,43.0,2000.0,12.0,7.0,2600.0,43.0,2000.0,12.0,100.0,,,,,,,,,,0,0,1,20.0,20.0,100.0,,,,,,1,0,,,,,,,1,,,150.0,3.0,90.0,5.0,,,1,0.0,,,1.0,90.0,5.0,4.0,90.0,5.0,4.0,,,,,,,4.0,,,419,1.0,,,4,2363.6363636363603,2363.6363636363603,0.0,,,,,,,,5,20.0,,,,,20.0,,20.0,20.0,20.0,1,30.110743116877106
10055001057600001,10,5,50,1,5760,1,1,0.0,1.0,1.0,0.0,0.0,0.0,0.0,0.0,0.0,0.0,0.0,0.0,0.0,0.0,,,,,15.0,1,,1.0,1.0,,1.0,,,,,,,1.0,,,4,33.0695850454191,1,0.0,99.0,0,59,2,1,0,0,0,15.0,1,6,3,0.0,0.0,,,0.0,1,1,419,1,,1.0,0.5,0.5,2.0,0.5,0.5,0.5,0.5,0.5,0.5,,40.0,44.0,2200.0,12.0,7.0,40.0,44.0,2200.0,12.0,100.0,,,,,,,,,,0,0,1,0.5,0.5,100.0,,,,,,1,0,,,,,,,1,2.0,3.0,,,,,,,1,0.0,,,1.0,20.0,2.0,2.0,,,,,,,,,,0.0,6.0,,419,1.0,,,4,40.0,40.0,0.0,,,,,,,,1,0.5,,,,0.5,,,0.5,0.5,0.5,1,121.116931972761
9105003010210014,9,10,50,3,1021,14,0,,,,,,,,,,,,,,,,0.0,0.0,0.0,6.0,1,1.0,,1.0,1.0,,,,,,,,,2.0,,4,33.3661282238846,0,,20.0,1,62,4,1,0,0,0,6.0,1,5,4,0.0,0.0,,,0.0,1,1,419,1,,6.0,1.5,1.5,2.0,6.0,6.0,6.0,6.0,6.0,6.0,,360.0,44.0,2200.0,12.0,7.0,360.0,44.0,2200.0,12.0,100.0,,,,,,,,,,0,0,0,,,,,,,,,1,0,,,,,,,1,,,36.0,2.0,,,,,1,0.0,,,1.0,12.0,5.0,3.0,,,,,,,,,,4.0,,,419,,2.0,,4,360.0,360.0,0.0,,,,,,,,6,6.0,,,,6.0,,,,6.0,6.0,1,33.3661282238846
14015703007470002,14,1,57,3,747,2,1,0.0,0.0,0.0,1.0,1.0,1.0,0.0,0.0,0.0,0.0,0.0,0.0,0.0,0.0,,,1.0,1.0,3.0,2,1.0,1.0,2.0,1.0,1.0,,,,,,,,,3.0,4,34.941517024012605,1,1.0,,0,26,1,2,0,0,0,3.0,1,4,2,0.0,0.0,,,0.0,2,1,419,1,,4.0,3.0,3.0,2.0,2.0,2.0,2.0,2.0,2.0,2.0,,1600.0,35.0,100.0,12.0,7.0,1600.0,35.0,100.0,12.0,100.0,,,,,,,,,,0,0,0,,,,,,,,,0,0,,,,,,,0,,,,,,,,,0,0.0,,,0.0,,,,,,,,,,,,,,1.0,,419,,,3.0,4,72.7272727272727,72.7272727272727,0.0,,,,,,,,4,2.0,,,,2.0,,,,,,1,20.940422697542502
14015703007470012,14,1,57,3,747,12,1,0.0,0.0,0.0,0.0,1.0,1.0,0.0,0.0,0.0,0.0,0.0,0.0,0.0,0.0,,,1.0,1.0,6.7,2,1.0,1.0,2.0,1.0,1.0,,,,,,,,,3.0,4,35.2346088406278,1,1.0,,0,35,1,2,0,0,0,6.7,1,5,2,0.0,0.0,,,0.0,2,1,419,1,,2.0,3.0,3.0,2.0,1.0,1.0,1.0,1.0,1.0,1.0,,1600.0,35.0,100.0,12.0,7.0,1600.0,35.0,100.0,12.0,100.0,,,,,,,,,,0,0,0,,,,,,,,,0,0,,,,,,,0,,,,,,,,,0,0.0,,,0.0,,,,,,,,,,,,,0.0,1.0,,419,,,3.0,4,72.7272727272727,72.7272727272727,0.0,,,,,,,,2,1.0,,,,1.0,,,,,,1,84.2723360062739
9125002090680004,9,12,50,2,9068,4,0,,,,,,,,,,,,,,,,0.0,0.0,0.0,2.5,3,2.0,1.0,1.0,,1.0,,,,2.0,2.0,,,2.0,,4,37.4122124597495,0,,5.0,0,65,4,1,0,0,0,2.5,1,3,4,0.0,0.0,,,0.0,1,1,419,1,,4.0,0.75,0.75,2.0,2.5,2.5,2.5,2.5,2.5,2.5,,182.0,43.0,2000.0,12.0,7.0,182.0,43.0,2000.0,12.0,100.0,,,,,,,,,,0,0,1,2.5,2.5,100.0,,,,,,1,0,,,,,,,1,100.0,2.0,200.0,2.0,100.0,2.0,100.0,2.0,1,0.0,,,1.0,3.0,5.0,4.0,,,,,,,,,,2.0,,,419,,2.0,,4,165.454545454545,165.454545454545,0.0,,,,,,,,4,2.5,,,,2.5,,,2.5,2.5,2.5,1,37.4122124597495
9125002088820008,9,12,50,2,8882,8,0,,,,,,,,,,,,,,,,0.0,0.0,0.0,16.0,3,3.0,,1.0,1.0,,,,,2.0,2.0,,,2.0,,4,39.742007896226,0,,99.0,1,65,4,1,0,0,0,16.0,1,6,4,0.0,0.0,,,0.0,1,1,419,1,,4.0,1.5,1.5,1.0,16.0,16.0,16.0,16.0,16.0,16.0,,1450.0,43.0,2000.0,12.0,7.0,1450.0,43.0,2000.0,12.0,100.0,,,,,,,,,,0,0,1,16.0,16.0,100.0,,,,,,1,0,,,,,,,1,1600.0,2.0,2400.0,2.0,,,1600.0,2.0,1,0.0,,,1.0,48.0,5.0,4.0,,,,,,,,,,2.0,0.0,,419,,2.0,,4,1318.1818181818198,1318.1818181818198,0.0,,,,,,,,4,16.0,,,16.0,,,,16.0,16.0,16.0,1,39.742007896226
14015703007470011,14,1,57,3,747,11,1,0.0,0.0,0.0,0.0,1.0,1.0,0.0,0.0,0.0,0.0,0.0,0.0,0.0,0.0,,,1.0,1.0,5.0,2,1.0,1.0,2.0,1.0,1.0,,,,,,,,,3.0,4,41.5873848515978,1,1.0,,0,37,1,2,0,0,0,5.0,1,5,2,0.0,0.0,,,0.0,5,1,419,1,,4.0,3.0,3.0,2.0,0.5,0.5,0.5,0.5,0.5,0.5,,800.0,35.0,100.0,12.0,7.0,800.0,35.0,100.0,12.0,100.0,,,,,,,,,,0,0,0,,,,,,,,,0,0,,,,,,,0,,,,,,,,,0,0.0,,,0.0,,,,,,,,,,,,,,2.0,,419,,,3.0,4,36.363636363636395,36.363636363636395,0.0,,,,,,,,4,0.5,,,,0.5,,,,,,1,51.2773701016732
9125002088510003,9,12,50,2,8851,3,0,,,,,,,,,,,,,,,,0.0,0.0,0.0,6.0,5,4.0,1.0,2.0,1.0,1.0,,,,3.0,3.0,,,2.0,,4,42.131163744523,1,1.0,,1,76,4,1,0,0,0,6.0,1,5,4,0.0,0.0,,,0.0,2,2,419,1,,4.0,1.0,1.0,2.0,3.99,3.99,3.99,3.99,3.99,3.99,,240.0,43.0,2000.0,12.0,7.0,240.0,43.0,2000.0,12.0,100.0,,,,,,,,,,0,0,1,3.99,3.99,100.0,,,,,,1,0,,,,,,,1,800.0,2.0,800.0,2.0,,,800.0,2.0,1,0.0,,,1.0,12.0,5.0,4.0,,,,,,,,,,3.0,1.0,,419,,2.0,,4,218.18181818181802,218.18181818181802,0.0,,,,,,,,4,3.99,,,,3.99,,,3.99,3.99,3.99,1,38.561212882723396
9125002087370005,9,12,50,2,8737,5,1,0.0,0.0,1.0,1.0,1.0,1.0,1.0,0.0,0.0,0.0,0.0,0.0,0.0,0.0,,,1.0,1.0,19.0,31,31.0,,1.0,1.0,,,,,30.0,30.0,,,2.0,,4,47.7956040372554,0,,99.0,1,60,4,2,0,1,0,19.0,1,6,3,0.0,0.0,,,0.0,1,1,419,1,,15.0,1.2,1.2,1.0,19.0,19.0,19.0,19.0,19.0,19.0,,1330.0,43.0,2000.0,12.0,5.0,1330.0,43.0,2000.0,12.0,100.0,,,,,,,,,,0,0,0,,,,,,,,,1,0,,,,,,,1,19.0,3.0,19.0,3.0,,,19.0,3.0,1,0.0,,,1.0,28.0,5.0,3.0,,,,,,,,,,30.0,,,419,,2.0,,4,1209.0909090909101,1209.0909090909101,0.0,,,,,,,,15,,19.0,,19.0,,,,,19.0,19.0,1,47.7956040372554
14015703007470007,14,1,57,3,747,7,0,,,,,,,,,,,,,,,,0.0,0.0,0.0,5.5,1,1.0,,1.0,1.0,,,,,,,,,,3.0,4,47.9378081756083,1,1.0,,1,43,1,1,0,0,0,5.5,1,5,3,0.0,0.0,,,0.0,3,1,419,1,,4.0,3.0,3.0,2.0,1.8,1.8,1.8,1.8,1.8,1.8,,2880.0,35.0,100.0,12.0,7.0,2880.0,35.0,100.0,12.0,100.0,,,,,,,,,,0,0,0,,,,,,,,,0,0,,,,,,,0,,,,,,,,,0,0.0,,,0.0,,,,,,,,,,,,,,,,419,,,3.0,4,130.909090909091,130.909090909091,0.0,,,,,,,,4,1.8,,,,1.8,,,,,,1,24.3588747776901
9125002090680007,9,12,50,2,9068,7,0,,,,,,,,,,,,,,,,0.0,0.0,0.0,13.0,6,6.0,,1.0,1.0,,,,,5.0,5.0,,,2.0,,4,48.910910751706105,0,,4.0,1,55,4,1,0,0,0,13.0,1,6,3,0.0,0.0,,,0.0,1,1,419,1,,4.0,0.75,0.75,2.0,9.0,9.0,9.0,9.0,9.0,9.0,,850.0,43.0,2000.0,12.0,7.0,850.0,43.0,2000.0,12.0,100.0,,,,,,,,,,0,0,1,9.0,9.0,100.0,,,,,,1,0,,,,,,,1,1350.0,2.0,1800.0,2.0,,,900.0,2.0,1,0.0,,,1.0,50.0,5.0,4.0,,,,,,,,,,5.0,,,419,,2.0,,4,772.727272727273,772.727272727273,0.0,,,,,,,,4,9.0,,,,9.0,,,9.0,9.0,9.0,1,70.6490933080199
9095002124260001,9,9,50,2,12426,1,0,,,,,,,,,,,,,,,,0.0,0.0,0.0,28.0,8,8.0,,1.0,1.0,,1.0,1.0,,6.0,6.0,,,2.0,,4,49.391980334570505,1,1.0,,1,61,4,2,0,0,1,28.0,1,7,4,0.0,0.0,,,0.0,1,1,419,1,,10.0,1.0,1.0,1.0,28.0,28.0,28.0,28.0,28.0,28.0,,2100.0,44.0,2200.0,12.0,7.0,2100.0,44.0,2200.0,12.0,100.0,,,,,,,,,,0,0,1,28.0,28.0,100.0,,,,,,1,0,,,,,,,1,,,3750.0,2.0,,,,,1,0.0,,,1.0,12.0,5.0,3.0,,,,,,,,,,,,,419,,2.0,,4,2100.0,2100.0,0.0,,,,,,,,10,,28.0,,28.0,,,,28.0,28.0,28.0,1,49.391980334570505
14015703007470006,14,1,57,3,747,6,1,1.0,0.0,0.0,0.0,1.0,1.0,0.0,0.0,0.0,0.0,0.0,0.0,0.0,0.0,,1.0,1.0,1.0,7.0,2,1.0,1.0,2.0,1.0,1.0,,,,,,,,,3.0,4,50.3836742520665,1,1.0,,0,39,1,2,0,0,0,7.0,1,5,2,0.0,0.0,,,0.0,3,1,419,1,,4.0,3.0,3.0,2.0,2.0,2.0,2.0,2.0,2.0,2.0,,3200.0,35.0,100.0,12.0,7.0,3200.0,35.0,100.0,12.0,100.0,,,,,,,,,,0,0,0,,,,,,,,,0,0,,,,,,,0,,,,,,,,,0,0.0,,,0.0,,,,,,,,,,,,,0.0,2.0,,419,,,3.0,4,145.454545454545,145.454545454545,0.0,,,,,,,,4,2.0,,,,2.0,,,,,,1,67.3177237636656
14015703007470005,14,1,57,3,747,5,0,,,,,,,,,,,,,,,,0.0,0.0,0.0,6.0,2,,2.0,2.0,,2.0,,,,,,,,,3.0,4,51.2362362294261,1,1.0,,0,31,1,2,0,0,0,6.0,1,5,2,0.0,0.0,,,0.0,4,1,419,1,,4.0,3.0,3.0,2.0,1.0,1.0,1.0,1.0,1.0,1.0,,1600.0,35.0,100.0,12.0,7.0,1600.0,35.0,100.0,12.0,100.0,,,,,,,,,,0,0,0,,,,,,,,,0,0,,,,,,,0,,,,,,,,,0,0.0,,,0.0,,,,,,,,,,,,,,1.0,,419,,,3.0,4,72.7272727272727,72.7272727272727,0.0,,,,,,,,4,1.0,,,,1.0,,,,,,1,74.5479775773347
9095002115830004,9,9,50,2,11583,4,0,,,,,,,,,,,,,,,,0.0,0.0,0.0,5.0,5,4.0,1.0,1.0,,1.0,,,,4.0,4.0,,,2.0,,4,52.9868901461977,1,1.0,,1,55,4,3,0,1,1,5.0,1,5,3,0.0,0.0,,,0.0,1,1,419,1,,10.0,1.0,1.0,1.0,5.0,5.0,5.0,5.0,5.0,5.0,,450.0,43.0,2000.0,12.0,7.0,450.0,43.0,2000.0,12.0,100.0,,,,,,,,,,0,0,1,5.0,5.0,100.0,,,,,,1,0,,,,,,,1,40.0,3.0,,,,,,,1,0.0,,,1.0,5.0,5.0,4.0,5.0,5.0,4.0,5.0,5.0,4.0,,,,,,,419,,2.0,,4,409.09090909090895,409.09090909090895,0.0,,,,,,,,10,,5.0,,5.0,,,,5.0,5.0,5.0,1,52.9868901461977
9125002087370002,9,12,50,2,8737,2,1,0.0,0.0,1.0,1.0,1.0,1.0,0.0,0.0,0.0,0.0,0.0,0.0,0.0,0.0,,,1.0,1.0,15.0,51,51.0,,1.0,1.0,,,,,50.0,50.0,,,2.0,,4,55.900862532451896,0,,99.0,1,41,4,1,0,0,0,15.0,1,6,3,0.0,0.0,,,0.0,1,1,419,1,,14.0,1.2,0.5,1.0,10.0,10.0,10.0,10.0,10.0,10.0,,840.0,43.0,2000.0,12.0,5.0,840.0,43.0,2000.0,12.0,100.0,,,,,,,,,,0,0,0,,,,,,,,,1,0,,,,,,,1,15.0,3.0,15.0,3.0,,,12.0,3.0,1,0.0,,,1.0,24.0,5.0,3.0,36.0,5.0,4.0,,,,,,,,50.0,,419,,2.0,,4,763.636363636364,763.636363636364,0.0,,,,,,,,14,,10.0,,10.0,,,,,10.0,10.0,1,57.396167622613106
9125002087370002,9,12,50,2,8737,2,1,0.0,0.0,1.0,1.0,1.0,1.0,0.0,0.0,0.0,0.0,0.0,0.0,0.0,0.0,,,1.0,1.0,15.0,51,51.0,,1.0,1.0,,,,,50.0,50.0,,,2.0,,4,55.900862532451896,0,,99.0,1,41,4,1,0,0,0,15.0,1,6,3,0.0,0.0,,,0.0,2,2,419,1,,14.0,1.2,0.5,1.0,4.85,4.85,4.85,4.85,4.85,4.85,,210.0,43.0,2000.0,12.0,5.0,210.0,43.0,2000.0,12.0,100.0,,,,,,,,,,0,0,0,,,,,,,,,1,0,,,,,,,1,4.0,3.0,4.0,3.0,,,3.0,3.0,1,0.0,,,1.0,6.0,5.0,3.0,9.0,5.0,4.0,,,,,,,,,,419,,2.0,,4,190.909090909091,190.909090909091,0.0,,,,,,,,14,,4.85,,4.85,,,,,4.85,4.85,1,49.0111997130711
9225103009760013,9,22,51,3,976,13,0,,,,,,,,,,,,,,,,0.0,0.0,0.0,38.0,6,6.0,,1.0,1.0,,,,,5.0,5.0,,,2.0,,4,56.464627889828385,0,,0.9,1,55,4,2,0,0,0,38.0,1,7,3,0.0,0.0,,,0.0,1,1,419,1,,4.0,0.75,0.75,2.0,38.0,38.0,38.0,38.0,38.0,38.0,,3496.0,43.0,2000.0,12.0,7.0,3496.0,43.0,2000.0,12.0,100.0,,,,,,,,,,0,0,0,,,,,,,,,1,0,,,,,,,1,9500.0,2.0,11400.0,2.0,,,5700.0,2.0,1,0.0,,,1.0,110.0,5.0,4.0,,,,,,,,,,5.0,,,419,,2.0,,4,3178.181818181821,3178.181818181821,0.0,,,,,,,,4,38.0,,,,38.0,,,,38.0,38.0,1,56.464627889828385
9125002090680001,9,12,50,2,9068,1,0,,,,,,,,,,,,,,,,0.0,0.0,0.0,2.0,4,4.0,,2.0,2.0,,,,,2.0,2.0,,,2.0,,4,58.111531739275705,0,,99.0,1,60,4,1,0,0,0,2.0,1,3,3,0.0,0.0,,,0.0,2,2,419,1,,11.0,0.75,0.75,2.0,1.0,1.0,1.0,1.0,1.0,1.0,,75.0,43.0,2000.0,12.0,7.0,75.0,43.0,2000.0,12.0,100.0,,,,,,,,,,0,0,1,1.0,1.0,,100.0,,,,,1,0,,,,,,,1,100.0,2.0,300.0,2.0,100.0,2.0,,,1,0.0,,,1.0,0.5,5.0,4.0,,,,,,,,,,,,,419,,2.0,,4,68.1818181818182,68.1818181818182,0.0,,,,,,,,11,,1.0,,,1.0,,,1.0,1.0,1.0,1,69.1818408918705
9225103009760002,9,22,51,3,976,2,0,,,,,,,,,,,,,,,,0.0,0.0,0.0,32.0,16,16.0,,1.0,1.0,,,,,15.0,15.0,,,2.0,,4,59.9939034722563,1,1.0,,1,36,4,1,1,0,1,32.0,1,7,2,0.0,0.0,,,0.0,1,1,419,1,,3.0,1.0,1.0,2.0,4.0,4.0,4.0,4.0,4.0,4.0,,320.0,43.0,2000.0,12.0,5.0,320.0,43.0,2000.0,12.0,100.0,,,,,,,,,,0,0,0,,,,,,,,,1,0,,,,,,,1,200.0,2.0,200.0,2.0,,,,,1,0.0,,,1.0,100.0,5.0,3.0,,,,,,,,,,10.0,,,419,,2.0,,4,290.909090909091,290.909090909091,0.0,,,,,,,,3,4.0,,,,4.0,,,,4.0,4.0,1,57.248321336663
9225103009760002,9,22,51,3,976,2,0,,,,,,,,,,,,,,,,0.0,0.0,0.0,32.0,16,16.0,,1.0,1.0,,,,,15.0,15.0,,,2.0,,4,59.9939034722563,1,1.0,,1,36,4,1,1,0,1,32.0,1,7,2,0.0,0.0,,,0.0,2,2,419,1,,3.0,1.0,1.0,2.0,3.0,3.0,3.0,3.0,3.0,3.0,,240.0,43.0,2000.0,12.0,5.0,240.0,43.0,2000.0,12.0,100.0,,,,,,,,,,0,0,0,,,,,,,,,1,0,,,,,,,1,150.0,2.0,150.0,2.0,,,,,1,0.0,,,1.0,70.0,5.0,3.0,,,,,,,,,,,,,419,,2.0,,4,218.18181818181802,218.18181818181802,0.0,,,,,,,,3,3.0,,,,3.0,,,,3.0,3.0,1,51.38070832109511
9225103009760002,9,22,51,3,976,2,0,,,,,,,,,,,,,,,,0.0,0.0,0.0,32.0,16,16.0,,1.0,1.0,,,,,15.0,15.0,,,2.0,,4,59.9939034722563,1,1.0,,1,36,4,1,1,0,1,32.0,1,7,2,0.0,0.0,,,0.0,6,5,419,1,,3.0,1.0,1.0,2.0,11.0,11.0,11.0,11.0,11.0,11.0,,880.0,43.0,2000.0,12.0,5.0,880.0,43.0,2000.0,12.0,100.0,,,,,,,,,,0,0,0,,,,,,,,,1,0,,,,,,,1,550.0,2.0,550.0,2.0,,,,,1,0.0,,,1.0,218.0,5.0,3.0,,,,,,,,,,,,,419,,2.0,,4,800.0,800.0,0.0,,,,,,,,3,11.0,,,,11.0,,,,11.0,11.0,1,67.329345278582
14015703007470004,14,1,57,3,747,4,0,,,,,,,,,,,,,,,,0.0,0.0,0.0,1.0,4,1.0,3.0,4.0,1.0,3.0,,,,,,,,,3.0,4,61.496604411881705,1,1.0,,1,47,1,2,0,1,1,1.0,1,2,3,0.0,0.0,,,0.0,2,1,419,1,,4.0,3.0,3.0,2.0,0.5,0.5,0.5,0.5,0.5,0.5,,800.0,35.0,100.0,12.0,7.0,800.0,35.0,100.0,12.0,100.0,,,,,,,,,,0,0,0,,,,,,,,,0,0,,,,,,,0,,,,,,,,,0,0.0,,,0.0,,,,,,,,,,,,,,3.0,,419,,,3.0,4,36.363636363636395,36.363636363636395,0.0,,,,,,,,4,0.5,,,,0.5,,,,,,1,61.3292831112464
14015703007470008,14,1,57,3,747,8,0,,,,,,,,,,,,,,,,0.0,0.0,0.0,8.0,2,1.0,1.0,2.0,1.0,1.0,,,,,,,,,3.0,4,62.587085305381,1,1.0,,1,39,1,1,0,0,0,8.0,1,5,2,0.0,0.0,,,0.0,1,1,419,1,,4.0,3.0,3.0,2.0,2.7,2.7,2.7,2.7,2.7,2.7,,4320.0,35.0,100.0,12.0,7.0,4320.0,35.0,100.0,12.0,100.0,,,,,,,,,,0,0,0,,,,,,,,,0,0,,,,,,,0,,,,,,,,,0,0.0,,,0.0,,,,,,,,,,,,,,1.0,,419,,,3.0,4,196.363636363636,196.363636363636,0.0,,,,,,,,4,2.7,,,,2.7,,,,,,1,45.746126878202
9095002124260002,9,9,50,2,12426,2,0,,,,,,,,,,,,,,,,0.0,0.0,0.0,10.0,6,6.0,,1.0,1.0,,,,,5.0,5.0,,,2.0,,4,66.5604353247605,1,1.0,,1,99,4,1,0,0,0,10.0,1,6,6,0.0,0.0,,,0.0,1,1,419,1,,15.0,1.0,1.0,1.0,10.0,10.0,10.0,10.0,10.0,10.0,,750.0,44.0,2200.0,12.0,7.0,750.0,44.0,2200.0,12.0,100.0,,,,,,,,,,0,0,1,10.0,10.0,100.0,,,,,,1,0,,,,,,,1,1500.0,2.0,,,,,,,1,0.0,,,1.0,5.0,5.0,4.0,,,,,,,,,,,,,419,,2.0,,4,750.0,750.0,0.0,,,,,,,,15,,10.0,,10.0,,,,10.0,10.0,10.0,1,66.5604353247605
14015703007470013,14,1,57,3,747,13,0,,,,,,,,,,,,,,,,0.0,0.0,0.0,4.0,1,1.0,,1.0,1.0,,,,,,,,,,3.0,4,67.7660810363907,1,1.0,,1,23,1,1,0,0,0,4.0,1,4,2,0.0,0.0,,,0.0,1,1,419,1,,4.0,3.0,3.0,2.0,3.0,3.0,3.0,3.0,3.0,3.0,,4800.0,35.0,100.0,12.0,7.0,4800.0,35.0,100.0,12.0,100.0,,,,,,,,,,0,0,0,,,,,,,,,0,0,,,,,,,0,,,,,,,,,0,0.0,,,0.0,,,,,,,,,,,,,,,,419,,,3.0,4,218.18181818181802,218.18181818181802,0.0,,,,,,,,4,3.0,,,,3.0,,,,,,1,79.6203430244022
9105003010210012,9,10,50,3,1021,12,0,,,,,,,,,,,,,,,,0.0,0.0,0.0,8.5,2,2.0,,2.0,2.0,,,,,,,,,2.0,,4,71.0528776667187,1,1.0,,1,70,4,1,1,0,0,8.5,1,5,4,0.0,0.0,,,0.0,1,1,419,1,,5.0,0.3,0.5,1.0,1.5,1.5,1.5,1.5,1.5,1.5,,120.0,44.0,2200.0,12.0,7.0,120.0,44.0,2200.0,12.0,100.0,,,,,,,,,,0,0,1,1.5,1.5,100.0,,,,,,1,0,,,,,,,1,,,250.0,2.0,,,,,1,0.0,,,1.0,3.0,5.0,4.0,,,,,,,,,,,1.0,,419,,2.0,,4,120.0,120.0,0.0,,,,,,,,5,1.5,,,1.5,,,,1.5,1.5,1.5,1,190.275432977162
9105003010210012,9,10,50,3,1021,12,0,,,,,,,,,,,,,,,,0.0,0.0,0.0,8.5,2,2.0,,2.0,2.0,,,,,,,,,2.0,,4,71.0528776667187,1,1.0,,1,70,4,1,1,0,0,8.5,1,5,4,0.0,0.0,,,0.0,2,2,419,1,,5.0,0.3,0.5,1.0,7.0,7.0,7.0,7.0,7.0,7.0,,560.0,44.0,2200.0,12.0,7.0,560.0,44.0,2200.0,12.0,100.0,,,,,,,,,,0,0,1,7.0,7.0,100.0,,,,,,1,0,,,,,,,1,,,600.0,2.0,,,,,1,0.0,,,1.0,8.0,5.0,4.0,,,,,,,,,,,,,419,,2.0,,4,560.0,560.0,0.0,,,,,,,,5,7.0,,,7.0,,,,7.0,7.0,7.0,1,45.50518724305231
8016603007330002,8,1,66,3,733,2,0,,,,,,,,,,,,,,,,0.0,0.0,0.0,20.0,3,2.0,1.0,3.0,2.0,1.0,,,,,,,,2.0,,4,75.8232484878251,0,,10.0,1,62,2,1,1,0,1,20.0,1,7,4,0.0,0.0,,,1.0,2,2,419,1,,2.0,1.0,1.0,1.0,1.0,1.0,1.0,1.0,1.0,1.0,,316.0,15.0,80.0,12.0,5.0,316.0,15.0,80.0,12.0,100.0,,,,,,,,,,0,0,0,,,,,,,,,0,0,,,,,,,0,,,,,,,,,0,0.0,,,0.0,,,,,,,,,,,,,,,,419,,2.0,,4,11.4909090909091,11.4909090909091,0.0,,,,,,,,2,1.0,,,1.0,,,,,,,1,108.996627394
14015703007470003,14,1,57,3,747,3,1,1.0,0.0,0.0,0.0,1.0,1.0,0.0,0.0,0.0,0.0,0.0,0.0,0.0,0.0,,1.0,1.0,1.0,3.0,4,2.0,2.0,4.0,2.0,2.0,,,,,,,,,3.0,4,79.8821271008438,1,1.0,,0,43,1,1,0,0,0,3.0,1,4,3,0.0,0.0,,,0.0,2,1,419,1,,4.0,3.0,3.0,2.0,1.3,1.3,1.3,1.3,1.3,1.3,,2080.0,35.0,100.0,12.0,7.0,2080.0,35.0,100.0,12.0,100.0,,,,,,,,,,0,0,0,,,,,,,,,0,0,,,,,,,0,,,,,,,,,0,0.0,,,0.0,,,,,,,,,,,,,0.0,3.0,,419,,,3.0,4,94.5454545454545,94.5454545454545,0.0,,,,,,,,4,1.3,,,,1.3,,,,,,1,69.5723575458461
9025003008490018,9,2,50,3,849,18,0,,,,,,,,,,,,,,,,0.0,0.0,0.0,15.0,1,1.0,,1.0,1.0,,,,,,,,,2.0,,4,86.2142107127231,0,,11.0,1,62,3,2,0,0,0,15.0,1,6,4,0.0,0.0,,,0.0,1,1,419,1,,5.0,1.5,1.5,2.0,15.0,15.0,15.0,15.0,15.0,15.0,,1125.0,44.0,2200.0,12.0,7.0,1125.0,44.0,2200.0,12.0,100.0,,,,,,,,,,0,0,1,15.0,15.0,100.0,,,,,,1,0,,,,,,,1,,,1200.0,2.0,1200.0,2.0,1200.0,2.0,1,0.0,,,1.0,42.0,5.0,2.0,,,,,,,,,,4.0,,,419,,2.0,,4,1125.0,1125.0,0.0,,,,,,,,5,15.0,,,,15.0,,,15.0,15.0,15.0,1,86.2142107127231
9095002101290009,9,9,50,2,10129,9,0,,,,,,,,,,,,,,,,0.0,0.0,0.0,2.5,4,4.0,,1.0,1.0,,,,,3.0,3.0,,,2.0,,4,113.902816895083,1,1.0,,1,49,3,1,0,0,0,2.5,1,3,3,0.0,0.0,,,0.0,1,1,419,1,,2.0,1.45,1.45,1.0,2.5,2.5,2.5,2.5,2.5,2.5,,270.0,43.0,2000.0,12.0,7.0,270.0,43.0,2000.0,12.0,100.0,,,,,,,,,,0,0,1,2.5,2.5,100.0,,,,,,1,0,,,,,,,1,1500.0,2.0,,,,,,,1,0.0,,,1.0,1.5,5.0,3.0,,,,,,,,,,,,,419,,2.0,,4,245.45454545454498,245.45454545454498,0.0,,,,,,,,2,2.5,,,2.5,,,,2.5,2.5,2.5,1,113.902816895083
9105003010210013,9,10,50,3,1021,13,0,,,,,,,,,,,,,,,,0.0,0.0,0.0,14.0,1,1.0,,1.0,1.0,,,,,,,,,2.0,,4,130.445234547728,0,,3.0,1,52,4,1,1,0,1,14.0,1,6,3,0.0,0.0,,,0.0,1,1,419,1,,4.0,1.5,1.5,1.0,4.0,4.0,4.0,4.0,4.0,4.0,,300.0,44.0,2200.0,12.0,7.0,300.0,44.0,2200.0,12.0,100.0,,,,,,,,,,0,0,1,4.0,4.0,100.0,,,,,,1,0,,,,,,,1,,,30.0,3.0,,,,,1,0.0,,,1.0,30.0,5.0,3.0,,,,,,,,,,3.0,,,419,,2.0,,4,300.0,300.0,0.0,,,,,,,,4,4.0,,,4.0,,,,4.0,4.0,4.0,1,323.28593878562
9105003010210013,9,10,50,3,1021,13,0,,,,,,,,,,,,,,,,0.0,0.0,0.0,14.0,1,1.0,,1.0,1.0,,,,,,,,,2.0,,4,130.445234547728,0,,3.0,1,52,4,1,1,0,1,14.0,1,6,3,0.0,0.0,,,0.0,3,3,419,1,,6.0,1.5,1.5,1.0,6.0,6.0,6.0,6.0,6.0,6.0,,400.0,44.0,2200.0,12.0,7.0,400.0,44.0,2200.0,12.0,100.0,,,,,,,,,,0,0,1,6.0,6.0,100.0,,,,,,1,0,,,,,,,1,,,40.0,3.0,,,,,1,0.0,,,1.0,20.0,5.0,3.0,,,,,,,,,,3.0,,,419,,2.0,,4,400.0,400.0,0.0,,,,,,,,6,6.0,,,6.0,,,,6.0,6.0,6.0,1,73.16657854908509
9105003010210011,9,10,50,3,1021,11,0,,,,,,,,,,,,,,,,0.0,0.0,0.0,4.0,1,1.0,,1.0,1.0,,,,,,,,,2.0,,4,182.97990541985504,0,,99.0,1,58,4,3,0,1,1,4.0,1,4,3,0.0,0.0,,,0.0,1,1,419,1,,8.0,1.2,1.2,2.0,4.0,4.0,4.0,4.0,4.0,4.0,,210.0,44.0,2200.0,12.0,7.0,210.0,44.0,2200.0,12.0,100.0,,,,,,,,,,0,0,0,,,,,,,,,1,0,,,,,,,1,12.0,3.0,,,,,,,1,0.0,,,1.0,16.0,5.0,3.0,,,,,,,,,,4.0,,,419,,2.0,,4,210.0,210.0,0.0,,,,,,,,8,4.0,,,,4.0,,,,4.0,4.0,1,182.97990541985504
9105003010210010,9,10,50,3,1021,10,0,,,,,,,,,,,,,,,,0.0,0.0,0.0,6.53,4,4.0,,1.0,1.0,,,,,3.0,3.0,,,2.0,,4,210.96195727251998,0,,3.0,1,77,4,2,0,0,0,6.53,1,5,4,0.0,0.0,,,0.0,1,1,419,1,,5.0,1.5,1.5,2.0,1.79,1.79,1.79,1.79,1.79,1.79,,130.0,44.0,2200.0,12.0,7.0,130.0,44.0,2200.0,12.0,100.0,,,,,,,,,,0,0,1,1.79,1.79,100.0,,,,,,1,0,,,,,,,1,,,350.0,2.0,,,4.0,5.0,1,0.0,,,1.0,16.0,5.0,3.0,,,,,,,,,,5.0,,,419,,2.0,,4,130.0,130.0,0.0,,,,,,,,5,1.79,,,,1.79,,,1.79,1.79,1.79,1,269.890925888737
9105003010210010,9,10,50,3,1021,10,0,,,,,,,,,,,,,,,,0.0,0.0,0.0,6.53,4,4.0,,1.0,1.0,,,,,3.0,3.0,,,2.0,,4,210.96195727251998,0,,3.0,1,77,4,2,0,0,0,6.53,1,5,4,0.0,0.0,,,0.0,2,2,419,1,,5.0,1.5,1.5,2.0,4.74,4.74,4.74,4.74,4.74,4.74,,340.0,44.0,2200.0,12.0,7.0,340.0,44.0,2200.0,12.0,100.0,,,,,,,,,,0,0,1,4.74,4.74,100.0,,,,,,1,0,,,,,,,1,,,750.0,2.0,,,10.0,5.0,1,0.0,,,1.0,42.0,5.0,3.0,,,,,,,,,,,,,419,,2.0,,4,340.0,340.0,0.0,,,,,,,,5,4.74,,,,4.74,,,4.74,4.74,4.74,1,188.708190643189
9105003010210007,9,10,50,3,1021,7,0,,,,,,,,,,,,,,,,0.0,0.0,0.0,8.0,1,1.0,,1.0,1.0,,,,,,,,,2.0,,4,277.104233771599,0,,5.0,1,61,4,2,0,1,1,8.0,1,5,4,0.0,0.0,,,0.0,2,2,419,1,,10.0,1.5,1.5,1.0,3.0,3.0,3.0,3.0,3.0,3.0,,200.0,44.0,2200.0,12.0,7.0,200.0,44.0,2200.0,12.0,100.0,,,,,,,,,,0,0,1,3.0,3.0,100.0,,,,,,1,0,,,,,,,1,,,10.0,3.0,,,5.0,3.0,1,0.0,,,1.0,12.0,5.0,3.0,,,,,,,,,,,,,419,,2.0,,4,200.0,200.0,0.0,,,,,,,,10,,3.0,,3.0,,,,3.0,3.0,3.0,1,268.56009966577096
9105003011090015,9,10,50,3,1109,15,0,,,,,,,,,,,,,,,,0.0,0.0,0.0,13.0,6,5.0,1.0,2.0,1.0,1.0,,,,4.0,4.0,,,2.0,,4,313.462343783551,0,,99.0,0,60,4,2,0,0,0,13.0,1,6,3,0.0,0.0,,,0.0,1,1,419,1,,2.0,1.5,1.5,1.0,13.0,13.0,13.0,13.0,10.0,10.0,6.0,1105.0,44.0,2200.0,12.0,7.0,1105.0,44.0,2200.0,12.0,100.0,,,,,,,,,,0,0,1,13.0,13.0,100.0,,,,,,1,0,,,,,,,1,,,3900.0,2.0,,,,,1,0.0,,,1.0,78.0,5.0,2.0,,,,,,,,,,4.0,,,419,,2.0,,4,1105.0,1105.0,3.0,3.0,,,,,,3.0,2,13.0,,,13.0,,,,13.0,13.0,13.0,1,313.462343783551
